mz	name
185.1547	FA(11:0)_[M-H]1-
197.1547	FA(12:1)_[M-H]1-
199.1704	FA(12:0)_[M-H]1-
209.1183	OCT(C12H18O3)_jasmonic acid_[M-H]1-
211.134	OCT(C12H20O3)_dihydrojasmonic_acid_[M-H]1-
213.186	FA(13:0)_[M-H]1-
215.1653	FA(12:0)-OH_[M-H]1-
223.134	OCT(C13H20O3)_methyl_jasmonate_[M-H]1-
225.1132	OCT(C12H18O4)_[M-H]1-
225.186	FA(14:1)_[M-H]1-
227.1289	OCT(C12H20O4)_[M-H]1-
227.2017	FA(14:0)_[M-H]1-
237.1496	OCT(C14H22O3)_[M-H]1-
239.1653	OCT(C14H24O3)_[M-H]1-
239.2017	FA(15:1)_[M-H]1-
241.2173	FA(15:0)_[M-H]1-
243.1966	FA(14:0)-OH_[M-H]1-
249.186	FA(16:3)_[M-H]1-
251.2017	FA(16:2)_[M-H]1-
253.2173	FA(16:1)_[M-H]1-
255.233	FA(16:0)_[M-H]1-
257.2122	FA(15:0)-OH_[M-H]1-
265.1809	OCT(C16H26O3)_[M-H]1-
265.2173	FA(17:2)_[M-H]1-
267.1966	OCT(C16H28O3)_[M-H]1-
267.233	FA(17:1)_[M-H]1-
268.3884	2H-IS_FA_15_[M-H]1-
269.2122	FA(16:1)-OH_[M-H]1-
269.2486	FA(17:0)_[M-H]1-
269.3944	2H-IS_FA_15_[M-H]1-
270.4003	2H-IS_FA_15_[M-H]1-
271.2279	FA(16:0)-OH_[M-H]1-
271.4036	2H-IS_FA_15_[M-H]1-
272.4068	2H-IS_FA_15_[M-H]1-
275.2017	FA(18:4)_[M-H]1-
277.2173	FA(18:3)_[M-H]1-
279.233	FA(18:2)_[M-H]1-
281.2486	FA(18:1)_[M-H]1-
283.2643	FA(18:0)_[M-H]1-
285.2435	FA(17:0)-OH_[M-H]1-
287.1653	OCT(C18H24O3)_[M-H]1-
289.1809	OCT(C18H26O3)_[M-H]1-
291.1966	OCT(C18H28O3)_[M-H]1-
293.2122	OCT(C18H30O3)_[M-H]1-
295.2279	FA(18:2)-OH_[M-H]1-
295.2643	FA(19:1)_[M-H]1-
297.2435	FA(18:1)-OH_[M-H]1-
297.2799	FA(19:0)_[M-H]1-
299.2592	FA(18:0)-OH_[M-H]1-
300.4443	2H-IS_FA_17_[M-H]1-
301.2173	FA(20:5)_[M-H]1-
301.4504	2H-IS_FA_17_[M-H]1-
302.4562	2H-IS_FA_17_[M-H]1-
303.233	FA(20:4)_[M-H]1-
303.4596	2H-IS_FA_17_[M-H]1-
304.463	2H-IS_FA_17_[M-H]1-
305.2486	FA(20:3)_[M-H]1-
307.2643	FA(20:2)_[M-H]1-
309.2071	OCT(C18H30O4)_[M-H]1-
309.2799	FA(20:1)_[M-H]1-
311.2228	OCT(C18H32O4)_[M-H]1-
311.2956	FA(20:0)_[M-H]1-
313.2384	OCT(C18H34O4)_[M-H]1-
315.1966	EIC(C20H28O3)_[M-H]1-
315.2541	EIC(C18H36O4)_[M-H]1-
317.2122	EIC(C20H30O3)_[M-H]1-
319.2279	EIC(C20H32O3)_[M-H]1-
320.2357	EIC(C20H33O3)_[M-H]1-
321.9908	EIC(C2OH3O5)_[M-H]1-
323.1864	OCT(C18H28O5)_[M-H]1-
323.2592	EIC(C20H36O3)_[M-H]1-
325.202	OCT(C18H30O5)_[M-H]1-
325.2748	FA(20:1)-OH_[M-H]1-
325.3112	FA(21:0)_[M-H]1-
327.1449	EIC(C16H24O7)_[M-H]1-
327.2177	OCT(C18H32O5)_[M-H]1-
327.233	FA(22:6)_[M-H]1-
327.2905	FA(20:0)-OH_[M-H]1-
329.1606	EIC(C16H26O7)_[M-H]1-
329.2333	OCT(C18H34O5)_[M-H]1-
329.2486	FA(22:5)_[M-H]1-
331.1915	EIC(C20H28O4)_[M-H]1-
331.249	OCT(C18H36O5)_[M-H]1-
331.2643	FA(22:4)_[M-H]1-
333.2071	EIC(C20H30O4)_[M-H]1-
333.2799	FA(22:3)_[M-H]1-
334.0828	LPC_2:0_[M+Cl]1-
334.1192	LPC-2O_3:0_[M+Cl]1-
335.2228	EIC(C20H32O4)_[M-H]1-
335.2956	FA(22:2)_[M-H]1-
337.2384	EIC(C20H34O4)_[M-H]1-
337.3112	FA(22:1)_[M-H]1-
339.1813	EIC(C18H28O6)_[M-H]1-
339.2541	EIC(C20H36O4)_[M-H]1-
339.3269	FA(22:0)_[M-H]1-
340.2857	Cer_20:1_[M-H]1-
341.197	EIC(C18H30O6)_[M-H]1-
341.2333	OCT(C19H34O5)_[M-H]1-
341.2697	EIC(C20H38O4)_[M-H]1-
343.2279	EIC(C22H32O3)_[M-H]1-
345.2283	OCT(C18H34O6)_[M-H]1-
346.0828	LPC_3:1_[M+Cl]1-
347.1864	EIC(C20H28O5)_[M-H]1-
347.2228	EIC(C21H32O4)_[M-H]1-
348.0984	PC-O_3:0_[M+Cl]1-
348.1348	LPC-2O_4:0_[M+Cl]1-
348.5293	2H-IS_FA_20_[M-H]1-
349.202	EIC(C20H30O5)_[M-H]1-
349.2384	EIC(C21H34O4)_[M-H]1-
349.5353	2H-IS_FA_20_[M-H]1-
350.5411	2H-IS_FA_20_[M-H]1-
351.2177	EIC(C20H32O5)_[M-H]1-
351.5444	2H-IS_FA_20_[M-H]1-
352.5473	2H-IS_FA_20_[M-H]1-
353.2333	EIC(C20H34O5)_[M-H]1-
353.2697	EIC(C21H38O4)_[M-H]1-
353.3425	FA(23:0)_[M-H]1-
358.1272	LPC_2:0_[M+OAC]1-
358.1636	LPC-2O_3:0_[M+OAC]1-
361.2384	EIC(C22H34O4)_[M-H]1-
362.1141	PC-O_4:0_[M+Cl]1-
362.1505	LPC_O-5:0_[M+Cl]1-
363.2541	EIC(C22H36O4)_[M-H]1-
365.197	EIC(C20H30O6)_[M-H]1-
365.2333	EIC(C21H34O5)_[M-H]1-
365.3425	FA(24:1)_[M-H]1-
367.1527	PA_12:0_[M-H]1-
367.2126	EIC(C20H32O6)_[M-H]1-
367.249	EIC(C21H36O5)_[M-H]1-
367.3582	FA(24:0)_[M-H]1-
369.2283	EIC(C20H34O6)_[M-H]1-
370.1272	LPC_3:1_[M+OAC]1-
371.1864	EIC(C22H28O5)_[M-H]1-
371.2439	EIC(C20H36O6)_[M-H]1-
372.1429	PC-O_3:0_[M+OAC]1-
372.1793	LPC-2O_4:0_[M+OAC]1-
375.2905	BA(LCA)_[M-H]1-
376.0934	PC_4:0_[M+Cl]1-
376.1297	LPC_5:0_[M+Cl]1-
376.2624	Cer_20:1_[M+Cl]1-
377.2697	EIC(C23H38O4)_[M-H]1-
379.249	EIC(C22H36O5)_[M-H]1-
381.2646	EIC(C22H38O5)_[M-H]1-
385.1868	OCT(C19H30O8)_[M-H]1-
386.1585	PC-O_4:0_[M+OAC]1-
386.1949	LPC_O-5:0_[M+OAC]1-
389.1817	OCT(C18H30O9)_[M-H]1-
389.2333	EIC(C23H34O5)_[M-H]1-
390.1454	LPC_6:0_[M+Cl]1-
391.2854	BA(DCA)_[M-H]1-
395.2439	EIC(C22H36O6)_[M-H]1-
395.2803	EIC(C23H40O5)_[M-H]1-
396.2157	LPE_12:0_[M-H]1-
400.1378	PC_4:0_[M+OAC]1-
400.1742	LPC_5:0_[M+OAC]1-
400.3068	Cer_20:1_[M+OAC]1-
401.2181	EIC(C20H34O8)_[M-H]1-
404.1247	PC_6:0_[M+Cl]1-
404.161	LPC_7:0_[M+Cl]1-
407.2803	BA(CA)_[M-H]1-
409.2596	EIC(C23H38O6)_[M-H]1-
410.1949	PE_12:0_[M-H]1-
410.2313	LPE_13:0_[M-H]1-
414.1898	LPC_6:0_[M+OAC]1-
417.301	EIC(C26H42O4)_[M-H]1-
418.1767	LPC_8:0_[M+Cl]1-
422.2313	LPE_14:1_[M-H]1-
423.2153	PA_16:0_[M-H]1-
424.247	LPE_14:0_[M-H]1-
427.2102	LPG_12:0_[M-H]1-
427.2701	EIC(C23H40O7)_[M-H]1-
428.1691	PC_6:0_[M+OAC]1-
428.2055	LPC_7:0_[M+OAC]1-
430.2131	LPC_O-10:1_[M+Cl]1-
432.156	PC_8:0_[M+Cl]1-
432.1923	LPC_9:0_[M+Cl]1-
436.247	LPE_15:1_[M-H]1-
436.2833	LPE-P_16:0_[M-H]1-
438.2626	LPE_15:0_[M-H]1-
438.299	LPE-O_16:0_[M-H]1-
440.2055	LPS_12:0_[M-H]1-
441.1895	PG_12:0_[M-H]1-
441.2259	LPG_13:0_[M-H]1-
442.2211	LPC_8:0_[M+OAC]1-
443.265	EIC(C23H40O8)_[M-H]1-
446.208	PC-O_10:0_[M+Cl]1-
448.3068	BA(GDCA)_[M-H]1-
450.2626	LPE_16:1_[M-H]1-
452.2783	LPE_16:0_[M-H]1-
453.2259	LPG_14:1_[M-H]1-
454.1848	PS_12:0_[M-H]1-
454.2211	LPS_13:0_[M-H]1-
454.2575	LPC_O-10:1_[M+OAC]1-
455.2415	LPG_14:0_[M-H]1-
456.2004	PC_8:0_[M+OAC]1-
456.2368	LPC_9:0_[M+OAC]1-
460.1873	PC_10:0_[M+Cl]1-
460.2236	LPC_11:0_[M+Cl]1-
460.26	LPC-2O_12:0_[M+Cl]1-
462.2626	LPE_17:2_[M-H]1-
464.2783	LPE_17:1_[M-H]1-
464.3018	BA(GCA)_[M-H]1-
464.3146	LPE-O_18:1_[M-H]1-
466.2211	LPS_14:1_[M-H]1-
466.2575	PE_16:0_[M-H]1-
466.2939	LPE_17:0_[M-H]1-
466.3303	LPE-O_18:0_[M-H]1-
467.2415	LPG_15:1_[M-H]1-
467.2779	LPG-P_16:0_[M-H]1-
468.2368	LPS_14:0_[M-H]1-
469.2572	LPG_15:0_[M-H]1-
469.2936	LPG-O_16:0_[M-H]1-
470.2524	PC-O_10:0_[M+OAC]1-
472.2236	PC-O_12:1_[M+Cl]1-
472.247	LPE_18:4_[M-H]1-
474.2393	LPC_12:0_[M+Cl]1-
474.2626	LPE_18:3_[M-H]1-
474.2757	LPC-2O_13:0_[M+Cl]1-
476.2783	LPE_18:2_[M-H]1-
476.3146	LPE-P_19:1_[M-H]1-
478.2939	LPE_18:1_[M-H]1-
478.4266	Cer_30:2_[M-H]1-
478.5528	2H-IS_LPC_[M+OAC]1-
479.2779	PA_20:0_[M-H]1-
479.5588	2H-IS_LPC_[M+OAC]1-
480.156	PC_12:2_[M+Cl]1-
480.2368	LPS_15:1_[M-H]1-
480.2732	LPS-P_16:0_[M-H]1-
480.3096	LPE_18:0_[M-H]1-
480.4422	Cer_30:1_[M-H]1-
480.5684	2H-IS_LPC_[M+OAC]1-
481.2572	LPG_16:1_[M-H]1-
481.5684	2H-IS_LPC_[M+OAC]1-
482.2524	LPS_15:0_[M-H]1-
482.2888	LPS-O_16:0_[M-H]1-
482.2955	BA(TLCA)_[M-H]1-
483.2728	LPG_16:0_[M-H]1-
484.2317	PC_10:0_[M+OAC]1-
484.2681	LPC_11:0_[M+OAC]1-
484.3045	LPC-2O_12:0_[M+OAC]1-
486.2393	PC-O_13:1_[M+Cl]1-
486.2757	LPC-O_14:1_[M+Cl]1-
488.2186	PC_12:0_[M+Cl]1-
488.2549	LPC_13:0_[M+Cl]1-
488.2913	LPC-2O_14:0_[M+Cl]1-
492.3096	LPE_19:1_[M-H]1-
492.3459	LPE-P_20:0_[M-H]1-
493.2572	LPG_17:2_[M-H]1-
494.2524	LPS_16:1_[M-H]1-
494.3252	LPE_19:0_[M-H]1-
494.3616	LPE-O_20:0_[M-H]1-
495.2728	LPG_17:1_[M-H]1-
495.3092	LPG-P_18:0_[M-H]1-
496.2681	PC-O_12:1_[M+OAC]1- / LPS_16:0_[M-H]1-
497.2521	PG_16:0_[M-H]1-
497.2885	LPG_17:0_[M-H]1-
497.3249	LPG-O_18:0_[M-H]1-
498.2626	LPE_20:5_[M-H]1-
498.2837	LPC_12:0_[M+OAC]1-
498.2904	BA(TDCA)_[M-H]1-
498.3201	LPC-2O_13:0_[M+OAC]1-
500.2549	LPC_14:1_[M+Cl]1-
500.2783	LPE_20:4_[M-H]1-
500.2913	LPC-P_15:0_[M+Cl]1-
502.2706	PC-O_14:0_[M+Cl]1-
502.2939	LPE_20:3_[M-H]1-
502.307	LPC-2O_15:0_[M+Cl]1-
503.2415	LPG_18:4_[M-H]1-
504.2004	PC_12:2_[M+OAC]1-
504.3096	LPE_20:2_[M-H]1-
504.4422	Cer_32:3_[M-H]1-
505.2572	LPG_18:3_[M-H]1-
505.4262	FAHFA_POHPO_[M-H]1-
506.2524	LPS_17:2_[M-H]1-
506.3252	LPE_20:1_[M-H]1-
506.4579	Cer_32:2_[M-H]1-
507.2728	LPG_18:2_[M-H]1-
507.4419	FAHFA_PAHPO_[M-H]1-
508.2681	LPS_17:1_[M-H]1-
508.3045	LPS-P_18:0_[M-H]1-
508.3409	LPE_20:0_[M-H]1-
508.4735	Cer_32:1_[M-H]1-
509.2885	LPG_18:1_[M-H]1-
509.4575	FAHFA_PAHPA_[M-H]1-
510.2474	PS_16:0_[M-H]1-
510.2837	PC-O_13:1_[M+OAC]1- / LPS_17:0_[M-H]1-
510.3201	LPC-O_14:1_[M+OAC]1- / LPS-O_18:0_[M-H]1-
511.3041	LPG_18:0_[M-H]1-
512.263	PC_12:0_[M+OAC]1-
512.2994	LPC_13:0_[M+OAC]1-
512.3358	LPC-2O_14:0_[M+OAC]1-
514.2706	LPC_15:1_[M+Cl]1-
514.2853	BA(TCA)_[M-H]1-
514.307	LPC-O_16:1_[M+Cl]1-
514.4032	Cer_30:2_[M+Cl]1-
515.2263	LPI_12:0_[M-H]1-
516.2368	LPS_18:4_[M-H]1-
516.2499	PC_14:0_[M+Cl]1-
516.2862	LPC_15:0_[M+Cl]1-
516.3226	LPC-2O_16:0_[M+Cl]1-
516.4189	Cer_30:1_[M+Cl]1-
518.2524	LPS_18:3_[M-H]1-
520.2681	LPS_18:2_[M-H]1-
520.4735	Cer_33:2_[M-H]1-
522.2837	LPS_18:1_[M-H]1-
522.3201	PE_20:0_[M-H]1-
522.3565	LPE_21:0_[M-H]1-
522.4892	Cer_33:1_[M-H]1-
523.3041	LPG_19:1_[M-H]1-
523.3405	LPG-P_20:0_[M-H]1-
524.2783	LPE_22:6_[M-H]1-
524.2994	LPC_14:1_[M+OAC]1- / LPS_18:0_[M-H]1-
524.3358	LPC-P_15:0_[M+OAC]1-
525.3198	LPG_19:0_[M-H]1-
525.3562	LPG-O_20:0_[M-H]1-
526.315	PC-O_14:0_[M+OAC]1-
526.3514	LPC-2O_15:0_[M+OAC]1-
528.2862	LPC_16:1_[M+Cl]1-
528.3096	LPE_22:4_[M-H]1-
528.3226	LPC-P_17:0_[M+Cl]1-
529.2419	LPI_13:0_[M-H]1-
529.2572	LPG_20:5_[M-H]1-
530.3019	PC-O_16:0_[M+Cl]1-
530.3383	LPC-2O_17:0_[M+Cl]1-
531.2728	LPG_20:4_[M-H]1-
532.3409	LPE_22:2_[M-H]1-
532.4735	Cer_34:3_[M-H]1-
533.2885	LPG_20:3_[M-H]1-
533.4575	FAHFA_PAHOA_[M-H]1-
534.3565	LPE_22:1_[M-H]1-
534.4892	Cer_34:2_[M-H]1-
535.3041	LPG_20:2_[M-H]1-
535.3405	PA_24:0_[M-H]1-
535.4732	FAHFA_PAHSA_[M-H]1-
536.2186	PC_16:2_[M+Cl]1-
536.2994	LPS_19:1_[M-H]1-
536.3358	LPS-P_20:0_[M-H]1-
536.3722	LPE_22:0_[M-H]1-
536.5048	Cer_34:1_[M-H]1-
537.3198	LPG_20:1_[M-H]1-
538.315	LPC_15:1_[M+OAC]1- / LPS_19:0_[M-H]1-
538.3514	LPC-O_16:1_[M+OAC]1- / LPS-O_20:0_[M-H]1-
538.4477	Cer_30:2_[M+OAC]1-
539.3354	LPG_20:0_[M-H]1-
540.2862	LPC_17:2_[M+Cl]1-
540.2943	PC_14:0_[M+OAC]1-
540.3226	LPC-P_18:1_[M+Cl]1-
540.3307	LPC_15:0_[M+OAC]1-
540.3671	LPC-2O_16:0_[M+OAC]1-
540.4189	Cer_32:3_[M+Cl]1-
540.4633	Cer_30:1_[M+OAC]1-
541.2419	LPI_14:1_[M-H]1-
542.2524	LPS_20:5_[M-H]1-
542.3019	LPC_17:1_[M+Cl]1-
542.3383	LPC-O_18:1_[M+Cl]1-
542.4345	Cer_32:2_[M+Cl]1-
543.2576	LPI_14:0_[M-H]1-
544.2681	LPS_20:4_[M-H]1-
544.2812	PC_16:0_[M+Cl]1-
544.3175	PC-O_17:0_[M+Cl]1-
544.3539	LPC-2O_18:0_[M+Cl]1-
544.4502	Cer_32:1_[M+Cl]1-
546.2837	LPS_20:3_[M-H]1-
548.2994	LPS_20:2_[M-H]1-
548.5048	Cer_35:2_[M-H]1-
549.3562	PA_25:0_[M-H]1-
550.2706	LPC_18:4_[M+Cl]1-
550.315	LPS_20:1_[M-H]1-
550.5205	Cer_35:1_[M-H]1-
552.2862	LPC_18:3_[M+Cl]1-
552.3307	LPC_16:1_[M+OAC]1- / LPS_20:0_[M-H]1-
552.3671	LPC-P_17:0_[M+OAC]1-
553.3147	PG_20:0_[M-H]1-
553.3511	LPG_21:0_[M-H]1-
554.3019	LPC_18:2_[M+Cl]1-
554.3383	LPC-O_19:1_[M+Cl]1-
554.3463	PC-O_16:0_[M+OAC]1-
554.3827	LPC-2O_17:0_[M+OAC]1-
555.2576	LPI_15:1_[M-H]1-
555.2728	LPG_22:6_[M-H]1-
555.294	LPI-P_16:0_[M-H]1-
556.3175	PC-O_18:1_[M+Cl]1-
556.3539	LPC-2O_19:1_[M+Cl]1-
556.4502	Cer_33:2_[M+Cl]1-
557.2732	LPI_15:0_[M-H]1-
557.3096	LPI-O_16:0_[M-H]1-
558.3332	PC-O_18:0_[M+Cl]1-
558.3696	LPC-2O_19:0_[M+Cl]1-
558.4658	Cer_33:1_[M+Cl]1-
559.3041	LPG_22:4_[M-H]1-
560.263	PC_16:2_[M+OAC]1-
560.5048	Cer_36:3_[M-H]1-
561.3562	PA_26:1_[M-H]1-
561.4888	FAHFA_OAHOA_[M-H]1-
562.5205	Cer_36:2_[M-H]1-
563.3354	LPG_22:2_[M-H]1-
563.3718	PA_26:0_[M-H]1-
563.5045	FAHFA_OAHSA/SAHOA_[M-H]1-
564.3307	LPC_17:2_[M+OAC]1-
564.3671	LPC-P_18:1_[M+OAC]1- / PE_23:0_[M-H]1-
564.4633	Cer_32:3_[M+OAC]1-
564.5361	Cer_36:1_[M-H]1-
564.6821	2H-IS_Cer_[M-H]1-
565.3511	LPG_22:1_[M-H]1-
565.6881	2H-IS_Cer_[M-H]1-
566.3019	LPC_19:3_[M+Cl]1-
566.31	PS_20:0_[M-H]1-
566.3463	LPC_17:1_[M+OAC]1- / LPS_21:0_[M-H]1-
566.3827	LPC-O_18:1_[M+OAC]1-
566.479	Cer_32:2_[M+OAC]1-
566.6935	2H-IS_Cer_[M-H]1-
567.3667	LPG_22:0_[M-H]1-
567.6985	2H-IS_Cer_[M-H]1-
568.2681	LPS_22:6_[M-H]1-
568.3256	PC_16:0_[M+OAC]1-
568.362	PC-O_17:0_[M+OAC]1-
568.3984	LPC-2O_18:0_[M+OAC]1-
568.4502	Cer_34:3_[M+Cl]1-
568.4946	Cer_32:1_[M+OAC]1-
568.7027	2H-IS_Cer_[M-H]1-
569.2732	LPI_16:1_[M-H]1-
570.2968	PC_18:1_[M+Cl]1-
570.3332	PC-O_19:1_[M+Cl]1-
570.3696	LPC-2O_20:1_[M+Cl]1-
570.4658	Cer_34:2_[M+Cl]1-
571.2889	LPI_16:0_[M-H]1-
572.2994	LPS_22:4_[M-H]1-
572.3125	PC_18:0_[M+Cl]1-
572.3488	PC-O_19:0_[M+Cl]1-
572.3852	LPC-2O_20:0_[M+Cl]1-
572.4815	Cer_34:1_[M+Cl]1-
574.315	LPC_18:4_[M+OAC]1-
575.3718	PA_27:1_[M-H]1-
576.2862	LPC_20:5_[M+Cl]1-
576.3307	LPC_18:3_[M+OAC]1- / LPS_22:2_[M-H]1-
576.5361	Cer_37:2_[M-H]1-
577.3875	PA_27:0_[M-H]1-
578.3019	LPC_20:4_[M+Cl]1-
578.3463	LPC_18:2_[M+OAC]1- / LPS_22:1_[M-H]1-
578.3827	LPC-O_19:1_[M+OAC]1- / PE_24:0_[M-H]1-
578.5518	Cer_37:1_[M-H]1-
580.3175	LPC_20:3_[M+Cl]1-
580.362	PC-O_18:1_[M+OAC]1- / LPS_22:0_[M-H]1-
580.3984	LPC-2O_19:1_[M+OAC]1-
580.4946	Cer_33:2_[M+OAC]1-
581.2732	LPI_17:2_[M-H]1-
582.3332	PC-O_20:2_[M+Cl]1-
582.3776	PC-O_18:0_[M+OAC]1-
582.414	LPC-2O_19:0_[M+OAC]1-
582.5103	Cer_33:1_[M+OAC]1-
583.2889	LPI_17:1_[M-H]1-
583.3253	LPI-P_18:0_[M-H]1-
584.3125	PC_19:1_[M+Cl]1-
584.3488	PC-O_20:1_[M+Cl]1-
584.4815	Cer_35:2_[M+Cl]1-
585.3045	LPI_17:0_[M-H]1-
585.3409	LPI-O_18:0_[M-H]1-
586.3281	PC_19:0_[M+Cl]1-
586.3645	PC-O_20:0_[M+Cl]1-
586.4009	LPC-2O_21:0_[M+Cl]1-
586.4971	Cer_35:1_[M+Cl]1-
587.3718	PA_28:2_[M-H]1-
588.5361	Cer_38:3_[M-H]1-
589.3875	PA_28:1_[M-H]1-
590.3463	LPC_19:3_[M+OAC]1-
590.5518	Cer_38:2_[M-H]1-
591.2576	LPI_18:4_[M-H]1-
591.4031	PA_28:0_[M-H]1-
592.2812	PC_20:4_[M+Cl]1-
592.3175	LPC_21:4_[M+Cl]1-
592.3984	PE_25:0_[M-H]1-
592.4946	Cer_34:3_[M+OAC]1-
592.5674	Cer_38:1_[M-H]1-
593.2732	LPI_18:3_[M-H]1-
594.3413	PC_18:1_[M+OAC]1-
594.3776	PC-O_19:1_[M+OAC]1-
594.414	LPC-2O_20:1_[M+OAC]1-
594.5103	Cer_34:2_[M+OAC]1-
595.2889	LPI_18:2_[M-H]1-
596.3569	PC_18:0_[M+OAC]1-
596.3933	PC-O_19:0_[M+OAC]1-
596.4297	LPC-2O_20:0_[M+OAC]1-
596.4815	Cer_36:3_[M+Cl]1-
596.5259	Cer_34:1_[M+OAC]1-
597.3045	LPI_18:1_[M-H]1-
598.3281	PC_20:1_[M+Cl]1-
598.3645	PC-O_21:1_[M+Cl]1-
598.4971	Cer_36:2_[M+Cl]1-
599.3202	LPI_18:0_[M-H]1-
600.3307	LPC_20:5_[M+OAC]1-
600.3438	PC_20:0_[M+Cl]1-
600.3801	PC-O_21:0_[M+Cl]1-
600.5128	Cer_36:1_[M+Cl]1-
600.6593	2H-IS_Cer_[M+Cl]1-
601.3875	PA_29:2_[M-H]1-
601.6652	2H-IS_Cer_[M+Cl]1-
602.3019	LPC_22:6_[M+Cl]1-
602.3463	LPC_20:4_[M+OAC]1-
602.6707	2H-IS_Cer_[M+Cl]1-
603.4031	PA_29:1_[M-H]1-
603.6754	2H-IS_Cer_[M+Cl]1-
604.362	LPC_20:3_[M+OAC]1-
604.3984	PE_26:1_[M-H]1-
604.5674	Cer_39:2_[M-H]1-
604.6681	2H-IS_Cer_[M+Cl]1-
605.4188	PA_29:0_[M-H]1-
605.6736	2H-IS_Cer_[M+Cl]1-
606.3332	LPC_22:4_[M+Cl]1-
606.3776	PC-O_20:2_[M+OAC]1-
606.414	PE_26:0_[M-H]1-
606.5831	Cer_39:1_[M-H]1-
608.3569	PC_19:1_[M+OAC]1-
608.3933	PC-O_20:1_[M+OAC]1-
608.5259	Cer_35:2_[M+OAC]1-
609.3773	PG_24:0_[M-H]1-
609.6813	2H-IS_Cer_U
610.3645	LPC_22:2_[M+Cl]1-
610.3726	PC_19:0_[M+OAC]1-
610.4089	PC-O_20:0_[M+OAC]1-
610.4453	LPC-2O_21:0_[M+OAC]1-
610.5416	Cer_35:1_[M+OAC]1-
610.6879	2H-IS_Cer_U
611.3202	LPI_19:1_[M-H]1-
611.3566	LPI-P_20:0_[M-H]1-
611.3718	PA_30:4_[M-H]1-
611.6936	2H-IS_Cer_U
612.3438	PC_21:1_[M+Cl]1-
612.3801	LPC_22:1_[M+Cl]1-
612.5128	Cer_37:2_[M+Cl]1-
612.6993	2H-IS_Cer_U
613.3358	LPI_19:0_[M-H]1-
613.3722	LPI-O_20:0_[M-H]1-
613.3875	PA_30:3_[M-H]1-
613.7047	2H-IS_Cer_U
614.3594	PC_21:0_[M+Cl]1-
614.3958	PC-O_22:0_[M+Cl]1-
614.5284	Cer_37:1_[M+Cl]1-
614.7094	2H-IS_Cer_U
615.4031	PA_30:2_[M-H]1-
615.7139	2H-IS_Cer_U
616.3256	PC_20:4_[M+OAC]1-
616.362	LPC_21:4_[M+OAC]1-
617.2732	LPI_20:5_[M-H]1-
617.4188	PA_30:1_[M-H]1-
618.414	PE_27:1_[M-H]1-
618.4504	PE-P_28:0_[M-H]1-
618.5831	Cer_40:2_[M-H]1-
619.2889	LPI_20:4_[M-H]1-
619.4344	PA_30:0_[M-H]1-
620.4297	PE_27:0_[M-H]1-
620.4661	PE-O_28:0_[M-H]1-
620.5259	Cer_36:3_[M+OAC]1-
620.5987	Cer_40:1_[M-H]1-
621.3045	LPI_20:3_[M-H]1-
622.3726	PC_20:1_[M+OAC]1- / PS_24:0_[M-H]1-
622.4089	PC-O_21:1_[M+OAC]1-
622.5416	Cer_36:2_[M+OAC]1-
623.3202	LPI_20:2_[M-H]1-
623.393	PG_25:0_[M-H]1-
624.3882	PC_20:0_[M+OAC]1-
624.4246	PC-O_21:0_[M+OAC]1-
624.5128	Cer_38:3_[M+Cl]1-
624.5572	Cer_36:1_[M+OAC]1-
624.7036	2H-IS_Cer_[M+OAc]1-
625.3358	LPI_20:1_[M-H]1-
625.3875	PA_31:4_[M-H]1-
625.7094	2H-IS_Cer_[M+OAc]1-
626.3463	LPC_22:6_[M+OAC]1-
626.3594	PC_22:1_[M+Cl]1-
626.5284	Cer_38:2_[M+Cl]1-
626.715	2H-IS_Cer_[M+OAc]1-
627.3515	LPI_20:0_[M-H]1-
627.4031	PA_31:3_[M-H]1-
627.7205	2H-IS_Cer_[M+OAc]1-
628.3751	PC_22:0_[M+Cl]1-
628.4478	LPC-2O_24:0_[M+Cl]1-
628.5441	Cer_38:1_[M+Cl]1-
628.6842	2H-IS_Cer_[M+OAc]1-
629.4188	PA_31:2_[M-H]1-
629.6899	2H-IS_Cer_[M+OAc]1-
630.3776	LPC_22:4_[M+OAC]1-
630.414	PE_28:2_[M-H]1-
630.6955	2H-IS_Cer_[M+OAc]1-
631.4344	PA_31:1_[M-H]1-
632.4297	PE_28:1_[M-H]1-
632.4661	PE-P_29:0_[M-H]1-
632.5987	Cer_41:2_[M-H]1-
633.4501	PA_31:0_[M-H]1-
634.4089	LPC_22:2_[M+OAC]1-
634.4453	PE_28:0_[M-H]1-
634.4817	PE-O_29:0_[M-H]1-
634.6144	Cer_41:1_[M-H]1-
635.393	PG_26:1_[M-H]1-
636.3882	PC_21:1_[M+OAC]1- / PS_25:0_[M-H]1-
636.4246	LPC_22:1_[M+OAC]1-
636.5572	Cer_37:2_[M+OAC]1-
637.3875	PA_32:5_[M-H]1-
637.4086	PG_26:0_[M-H]1-
638.4039	PC_21:0_[M+OAC]1-
638.4402	PC-O_22:0_[M+OAC]1-
638.5729	Cer_37:1_[M+OAC]1-
639.4031	PA_32:4_[M-H]1-
640.5441	Cer_39:2_[M+Cl]1-
641.3671	LPI_21:0_[M-H]1-
641.4188	PA_32:3_[M-H]1-
642.4271	LPC_24:0_[M+Cl]1-
642.5597	Cer_39:1_[M+Cl]1-
643.2889	LPI_22:6_[M-H]1-
643.4344	PA_32:2_[M-H]1-
644.4297	PE_29:2_[M-H]1-
644.4661	PE-P_30:1_[M-H]1-
645.4501	PA_32:1_[M-H]1-
646.4453	PE_29:1_[M-H]1-
646.4817	PE-O_30:1_[M-H]1-
646.6144	Cer_42:2_[M-H]1-
647.3202	LPI_22:4_[M-H]1-
647.4657	PA_32:0_[M-H]1-
648.3882	PS_26:1_[M-H]1-
648.461	PE_29:0_[M-H]1-
648.4974	PE-O_30:0_[M-H]1-
648.5572	Cer_38:3_[M+OAC]1-
648.63	Cer_42:1_[M-H]1-
649.4086	PG_27:1_[M-H]1-
649.445	PG-P_28:0_[M-H]1-
650.4039	PC_22:1_[M+OAC]1- / PS_26:0_[M-H]1-
650.5729	Cer_38:2_[M+OAC]1-
651.3515	LPI_22:2_[M-H]1-
651.4031	PA_33:5_[M-H]1-
651.4243	PG_27:0_[M-H]1-
651.4606	PG-O_28:0_[M-H]1-
652.4195	PC_22:0_[M+OAC]1-
652.4923	LPC-2O_24:0_[M+OAC]1-
652.5885	Cer_38:1_[M+OAC]1-
653.3671	LPI_22:1_[M-H]1-
653.4188	PA_33:4_[M-H]1-
654.414	PE_30:4_[M-H]1-
654.5597	Cer_40:2_[M+Cl]1-
655.3828	LPI_22:0_[M-H]1-
655.4344	PA_33:3_[M-H]1-
656.4064	PC_24:0_[M+Cl]1-
656.4297	PE_30:3_[M-H]1-
656.5754	Cer_40:1_[M+Cl]1-
657.4501	PA_33:2_[M-H]1-
658.4453	PE_30:2_[M-H]1-
658.4817	PE-P_31:1_[M-H]1-
659.4657	PA_33:1_[M-H]1-
660.461	PE_30:1_[M-H]1-
660.4974	PE-O_31:1_[M-H]1-
661.4086	PG_28:2_[M-H]1-
661.4814	PA_33:0_[M-H]1-
662.4039	PS_27:1_[M-H]1-
662.4402	PS-P_28:0_[M-H]1-
662.4766	PE_30:0_[M-H]1-
662.513	PE-O_31:0_[M-H]1-
662.5494	PE-2O_32:0_[M-H]1-
662.6457	Cer_43:1_[M-H]1-
663.4031	PA_34:6_[M-H]1-
663.4243	PG_28:1_[M-H]1-
663.4606	PG-P_29:0_[M-H]1-
664.4195	PS_27:0_[M-H]1-
664.4559	PS-O_29:1_[M-H]1-
664.5885	Cer_39:2_[M+OAC]1-
665.4188	PA_34:5_[M-H]1-
665.4399	PG_28:0_[M-H]1-
665.4763	PG-O_29:0_[M-H]1-
666.4715	LPC_24:0_[M+OAC]1-
666.6042	Cer_39:1_[M+OAC]1-
667.4344	PA_34:4_[M-H]1-
668.4297	PE_31:4_[M-H]1-
668.5754	Cer_41:2_[M+Cl]1-
669.4501	PA_34:3_[M-H]1-
670.422	PC_25:0_[M+Cl]1-
670.4453	PE_31:3_[M-H]1-
670.591	Cer_41:1_[M+Cl]1-
671.4657	PA_34:2_[M-H]1-
672.461	PE_31:2_[M-H]1-
672.4974	PE-P_32:1_[M-H]1-
673.4814	PA_34:1_[M-H]1-
674.4039	PS_28:2_[M-H]1-
674.4766	PE_31:1_[M-H]1-
674.513	PE-O_32:1_[M-H]1-
674.6457	Cer_44:2_[M-H]1-
675.4243	PG_29:2_[M-H]1-
675.4606	PG-P_30:1_[M-H]1-
675.497	PA_34:0_[M-H]1-
676.4195	PS_28:1_[M-H]1-
676.4559	PS-P_29:0_[M-H]1-
676.4923	PE_31:0_[M-H]1-
676.5287	PE-O_32:0_[M-H]1-
676.565	PE-2O_33:0_[M-H]1-
676.6613	Cer_44:1_[M-H]1-
677.4188	PA_35:6_[M-H]1-
677.4399	PG_29:1_[M-H]1-
677.4763	PG-O_30:1_[M-H]1-
678.4352	PS_28:0_[M-H]1-
678.4715	PS-O_29:0_[M-H]1-
678.6042	Cer_40:2_[M+OAC]1-
679.4344	PA_35:5_[M-H]1-
679.4556	PG_29:0_[M-H]1-
679.4919	PG-O_30:0_[M-H]1-
680.4297	PE_32:5_[M-H]1-
680.4508	PC_24:0_[M+OAC]1-
680.6198	Cer_40:1_[M+OAC]1-
681.4501	PA_35:4_[M-H]1-
682.422	PC_26:1_[M+Cl]1-
682.4453	PE_32:4_[M-H]1-
682.591	Cer_42:2_[M+Cl]1-
683.4657	PA_35:3_[M-H]1-
684.4377	PC_26:0_[M+Cl]1-
684.461	PE_32:3_[M-H]1-
684.4974	PE-P_33:2_[M-H]1-
684.5104	PC-2O_28:0_[M+Cl]1-
684.6067	Cer_42:1_[M+Cl]1-
685.4086	PG_30:4_[M-H]1-
685.4814	PA_35:2_[M-H]1-
686.4766	PE_32:2_[M-H]1-
686.513	PE-O_33:2_[M-H]1-
687.4031	PA_36:8_[M-H]1-
687.4243	PG_30:3_[M-H]1-
687.497	PA_35:1_[M-H]1-
688.4195	PS_29:2_[M-H]1-
688.4559	PS-P_30:1_[M-H]1-
688.4923	PE_32:1_[M-H]1-
688.5287	PE-O_33:1_[M-H]1-
689.4188	PA_36:7_[M-H]1-
689.4399	PG_30:2_[M-H]1-
689.4763	PG-P_31:1_[M-H]1-
689.5127	PA_35:0_[M-H]1-
690.4352	PS_29:1_[M-H]1-
690.4715	PS-O_30:1_[M-H]1-
690.5079	PE_32:0_[M-H]1-
690.5443	PE-O_33:0_[M-H]1-
691.4344	PA_36:6_[M-H]1-
691.4556	PG_30:1_[M-H]1-
691.4919	PG-O_31:1_[M-H]1-
692.4508	PS_29:0_[M-H]1-
692.4872	PS-O_30:0_[M-H]1-
692.6198	Cer_41:2_[M+OAC]1-
693.4501	PA_36:5_[M-H]1-
693.4712	PG_30:0_[M-H]1-
693.5076	PG-O_31:0_[M-H]1-
694.4453	PE_33:5_[M-H]1-
694.4665	PC_25:0_[M+OAC]1-
694.4817	PE-P_34:4_[M-H]1-
694.6355	Cer_41:1_[M+OAC]1-
695.4657	PA_36:4_[M-H]1-
696.4377	PC_27:1_[M+Cl]1-
696.461	PE_33:4_[M-H]1-
696.474	PC-P_28:0_[M+Cl]1-
696.4974	PE-O_34:4_[M-H]1-
697.3934	PI_24:0_[M-H]1-
697.4814	PA_36:3_[M-H]1-
698.4039	PS_30:4_[M-H]1-
698.4533	PC_27:0_[M+Cl]1-
698.4766	PE_33:3_[M-H]1-
698.4897	PC-O_28:0_[M+Cl]1-
698.513	PE-O_34:3_[M-H]1-
698.6223	Cer_43:1_[M+Cl]1-
699.4243	PG_31:4_[M-H]1-
699.497	PA_36:2_[M-H]1-
700.4195	PS_30:3_[M-H]1-
700.4923	PE_33:2_[M-H]1-
700.5287	PE-O_34:2_[M-H]1-
701.4399	PG_31:3_[M-H]1-
701.5127	PA_36:1_[M-H]1-
701.6597	2H-IS__PA_[M-H]1-
702.4352	PS_30:2_[M-H]1-
702.4715	PS-P_31:1_[M-H]1-
702.5079	PE_33:1_[M-H]1-
702.5443	PE-O_34:1_[M-H]1-
702.6656	2H-IS__PA_[M-H]1-
703.4344	PA_37:7_[M-H]1-
703.4556	PG_31:2_[M-H]1-
703.4919	PG-P_32:1_[M-H]1-
703.5283	PA_36:0_[M-H]1-
703.6711	2H-IS__PA_[M-H]1-
704.4508	PS_30:1_[M-H]1-
704.4872	PS-O_31:1_[M-H]1-
704.5236	PE_33:0_[M-H]1-
704.56	PE-O_34:0_[M-H]1-
704.676	2H-IS__PA_[M-H]1-
705.4501	PA_37:6_[M-H]1-
705.4712	PG_31:1_[M-H]1-
705.5076	PG-O_32:1_[M-H]1-
705.5188	SM_30:1_[M+OAC]1-
705.6796	2H-IS__PA_[M-H]1-
706.4453	PE_34:6_[M-H]1-
706.4665	PC_26:1_[M+OAC]1- / PS_30:0_[M-H]1-
706.5028	PS-O_31:0_[M-H]1-
706.6355	Cer_42:2_[M+OAC]1-
706.6833	2H-IS__PA_[M-H]1-
707.4657	PA_37:5_[M-H]1-
707.4869	PG_31:0_[M-H]1-
707.5232	PG-O_32:0_[M-H]1-
707.5345	SM_30:0_[M+OAC]1-
708.4377	PC_28:2_[M+Cl]1-
708.461	PE_34:5_[M-H]1-
708.4821	PC_26:0_[M+OAC]1-
708.5549	PC-2O_28:0_[M+OAC]1-
708.6511	Cer_42:1_[M+OAC]1-
709.4814	PA_37:4_[M-H]1-
710.4533	PC_28:1_[M+Cl]1-
710.4766	PE_34:4_[M-H]1-
710.4897	PC-P_29:0_[M+Cl]1-
710.6223	Cer_44:2_[M+Cl]1-
711.409	PI_25:0_[M-H]1-
711.4243	PG_32:5_[M-H]1-
711.497	PA_37:3_[M-H]1-
712.4195	PS_31:4_[M-H]1-
712.469	PC_28:0_[M+Cl]1-
712.4923	PE_34:3_[M-H]1-
712.5053	PC-O_29:0_[M+Cl]1-
712.5287	PE-P_35:2_[M-H]1-
712.638	Cer_44:1_[M+Cl]1-
713.4188	PA_38:9_[M-H]1-
713.4399	PG_32:4_[M-H]1-
713.5127	PA_37:2_[M-H]1-
714.4352	PS_31:3_[M-H]1-
714.5079	PE_34:2_[M-H]1-
714.5443	PE-O_35:2_[M-H]1-
715.4344	PA_38:8_[M-H]1-
715.4556	PG_32:3_[M-H]1-
715.4919	PG-P_33:2_[M-H]1-
715.5283	PA_37:1_[M-H]1-
716.4508	PS_31:2_[M-H]1-
716.4872	PS-P_32:1_[M-H]1-
716.5236	PE_34:1_[M-H]1-
716.56	PE-O_35:1_[M-H]1-
716.731	2H-IS__SM_U
717.4501	PA_38:7_[M-H]1-
717.4712	PG_32:2_[M-H]1-
717.5076	PG-O_33:2_[M-H]1-
717.544	PA_37:0_[M-H]1-
717.737	2H-IS__SM_U
718.4665	PS_31:1_[M-H]1-
718.5028	PS-O_32:1_[M-H]1-
718.5392	PE_34:0_[M-H]1-
718.5756	PE-O_35:0_[M-H]1-
718.612	PE-2O_36:0_[M-H]1-
718.7425	2H-IS__SM_U
719.4657	PA_38:6_[M-H]1-
719.4869	PG_32:1_[M-H]1-
719.5232	PG-O_33:1_[M-H]1-
719.7461	2H-IS__SM_U
720.461	PE_35:6_[M-H]1-
720.4821	PC_27:1_[M+OAC]1- / PS_31:0_[M-H]1-
720.4974	PE-P_36:5_[M-H]1-
720.5185	PC-P_28:0_[M+OAC]1- / PS-O_32:0_[M-H]1-
720.7495	2H-IS__SM_U
721.4814	PA_38:5_[M-H]1-
721.5025	PG_32:0_[M-H]1-
721.5389	PG-O_33:0_[M-H]1-
721.5501	SM_31:1_[M+OAC]1-
722.4533	PC_29:2_[M+Cl]1-
722.4766	PE_35:5_[M-H]1-
722.4897	PC-P_30:1_[M+Cl]1-
722.4978	PC_27:0_[M+OAC]1-
722.513	PE-O_36:5_[M-H]1-
722.5341	PC-O_28:0_[M+OAC]1-
722.6668	Cer_43:1_[M+OAC]1-
723.409	PI_26:1_[M-H]1-
723.497	PA_38:4_[M-H]1-
724.4195	PS_32:5_[M-H]1-
724.469	PC_29:1_[M+Cl]1-
724.4923	PE_35:4_[M-H]1-
724.5053	PC-O-30:1_[M+Cl]1-
724.5287	PE-O_36:4_[M-H]1-
725.4247	PI_26:0_[M-H]1-
725.4399	PG_33:5_[M-H]1-
725.4763	PG-P_34:4_[M-H]1-
725.5127	PA_38:3_[M-H]1-
726.4352	PS_32:4_[M-H]1-
726.4846	PC_29:0_[M+Cl]1-
726.5079	PE_35:3_[M-H]1-
726.521	PC-O-30:0_[M+Cl]1-
726.5443	PE-O_36:3_[M-H]1-
726.7402	2H-IS__PS_[M-H]1-
727.4556	PG_33:4_[M-H]1-
727.4919	PG-O_34:4_[M-H]1-
727.5283	PA_38:2_[M-H]1-
727.7461	2H-IS__PS_[M-H]1-
728.4508	PS_32:3_[M-H]1-
728.4872	PS-P_33:2_[M-H]1-
728.5236	PE_35:2_[M-H]1-
728.56	PE-O_36:2_[M-H]1-
728.7522	2H-IS__PS_[M-H]1-
729.4501	PA_39:8_[M-H]1-
729.4712	PG_33:3_[M-H]1-
729.5076	PG-O_34:3_[M-H]1-
729.544	PA_38:1_[M-H]1-
729.7581	2H-IS__PS_[M-H]1-
730.4453	PE_36:8_[M-H]1-
730.4665	PS_32:2_[M-H]1-
730.5028	PS-O_33:2_[M-H]1-
730.5392	PE_35:1_[M-H]1-
730.5756	PE-O_36:1_[M-H]1-
730.7639	2H-IS__PS_[M-H]1-
731.4657	PA_39:7_[M-H]1-
731.4869	PG_33:2_[M-H]1-
731.5232	PG-O_34:2_[M-H]1-
731.5345	SM_32:2_[M+OAC]1-
731.5596	PA_38:0_[M-H]1-
731.7697	2H-IS__PS_[M-H]1-
732.4377	PC_30:4_[M+Cl]1-
732.461	PE_36:7_[M-H]1-
732.4821	PC_28:2_[M+OAC]1- / PS_32:1_[M-H]1-
732.5185	PS-O_33:1_[M-H]1-
732.5549	PE_35:0_[M-H]1-
732.5913	PE-O_36:0_[M-H]1-
732.7751	2H-IS__PS_[M-H]1-
733.4814	PA_39:6_[M-H]1-
733.5025	PG_33:1_[M-H]1-
733.5389	PG-O_34:1_[M-H]1-
733.5501	SM_32:1_[M+OAC]1-
733.7787	2H-IS__PS_[M-H]1-
734.4533	PC_30:3_[M+Cl]1-
734.4766	PE_36:6_[M-H]1-
734.4978	PC_28:1_[M+OAC]1- / PS_32:0_[M-H]1-
734.5341	PC-P_29:0_[M+OAC]1- / PS-O_33:0_[M-H]1-
734.6668	Cer_44:2_[M+OAC]1-
734.7827	2H-IS__PS_[M-H]1-
735.497	PA_39:5_[M-H]1-
735.5182	PG_33:0_[M-H]1-
735.5545	PG-O_34:0_[M-H]1-
735.5658	SM_32:0_[M+OAC]1-
736.469	PC_30:2_[M+Cl]1-
736.4923	PE_36:5_[M-H]1-
736.5053	PC-P_31:1_[M+Cl]1-
736.5134	PC_28:0_[M+OAC]1-
736.5498	PC-O_29:0_[M+OAC]1-
736.6824	Cer_44:1_[M+OAC]1-
737.4247	PI_27:1_[M-H]1-
737.4399	PG_34:6_[M-H]1-
737.461	PI-P_28:0_[M-H]1-
737.5127	PA_39:4_[M-H]1-
738.4352	PS_33:5_[M-H]1-
738.4715	PS-P_34:4_[M-H]1-
738.4846	PC_30:1_[M+Cl]1-
738.5079	PE_36:4_[M-H]1-
738.521	PC-O-31:1_[M+Cl]1-
739.4344	PA_40:10_[M-H]1-
739.4403	PI_27:0_[M-H]1-
739.4556	PG_34:5_[M-H]1-
739.4767	PI-O_28:0_[M-H]1-
739.5283	PA_39:3_[M-H]1-
740.4508	PS_33:4_[M-H]1-
740.4872	PS-O_34:4_[M-H]1-
740.5003	PC_30:0_[M+Cl]1-
740.5236	PE_36:3_[M-H]1-
740.5366	PC-O-31:0_[M+Cl]1-
740.56	PE-P_37:2_[M-H]1-
740.573	PC-2O_32:0_[M+Cl]1-
741.4501	PA_40:9_[M-H]1-
741.4712	PG_34:4_[M-H]1-
741.544	PA_39:2_[M-H]1-
742.4665	PS_33:3_[M-H]1-
742.5028	PS-O_34:3_[M-H]1-
742.5392	PE_36:2_[M-H]1-
742.5756	PE-O_37:2_[M-H]1-
743.4657	PA_40:8_[M-H]1-
743.4869	PG_34:3_[M-H]1-
743.5232	PG-P_35:2_[M-H]1-
743.5596	PA_39:1_[M-H]1-
744.4821	PS_33:2_[M-H]1-
744.5185	PS-O_34:2_[M-H]1-
744.5549	PE_36:1_[M-H]1-
744.5913	PE-O_37:1_[M-H]1-
744.7035	2H-IS__PE_[M-H]1-
745.4814	PA_40:7_[M-H]1-
745.5025	PG_34:2_[M-H]1-
745.5389	PG-O_35:2_[M-H]1-
745.5501	SM_33:2_[M+OAC]1-
745.5753	PA_39:0_[M-H]1-
745.7094	2H-IS__PE_[M-H]1-
746.4533	PC_31:4_[M+Cl]1-
746.4766	PE_37:7_[M-H]1-
746.4978	PC_29:2_[M+OAC]1- / PS_33:1_[M-H]1-
746.513	PE-P_38:6_[M-H]1-
746.5341	PC-P_30:1_[M+OAC]1- / PS-O_34:1_[M-H]1-
746.5705	PE_36:0_[M-H]1-
746.6069	PE-O_37:0_[M-H]1-
746.7147	2H-IS__PE_[M-H]1-
747.497	PA_40:6_[M-H]1-
747.5182	PG_34:1_[M-H]1-
747.5545	PG-O_35:1_[M-H]1-
747.5658	SM_33:1_[M+OAC]1-
747.7196	2H-IS__PE_[M-H]1-
748.469	PC_31:3_[M+Cl]1-
748.4923	PE_37:6_[M-H]1-
748.5053	PC-O_32:3_[M+Cl]1-
748.5134	PC_29:1_[M+OAC]1- / PS_33:0_[M-H]1-
748.5287	PE-O_38:6_[M-H]1-
748.5498	PC-O-30:1_[M+OAC]1- / PS-O_34:0_[M-H]1-
748.7231	2H-IS__PE_[M-H]1-
749.4247	PI_28:2_[M-H]1-
749.5127	PA_40:5_[M-H]1-
749.5338	PG_34:0_[M-H]1-
749.5702	PG-O_35:0_[M-H]1-
749.5814	SM_33:0_[M+OAC]1-
749.7268	2H-IS__PE_[M-H]1-
750.4352	PS_34:6_[M-H]1-
750.4846	PC_31:2_[M+Cl]1-
750.5079	PE_37:5_[M-H]1-
750.521	PC-O_32:2_[M+Cl]1-
750.5291	PC_29:0_[M+OAC]1-
750.5443	PE-O_38:5_[M-H]1-
750.5654	PC-O-30:0_[M+OAC]1-
751.4403	PI_28:1_[M-H]1-
751.4556	PG_35:6_[M-H]1-
751.4767	PI-P_29:0_[M-H]1-
751.4919	PG-P_36:5_[M-H]1-
751.5283	PA_40:4_[M-H]1-
752.4508	PS_34:5_[M-H]1-
752.5003	PC_31:1_[M+Cl]1-
752.5236	PE_37:4_[M-H]1-
752.5366	PC-O_32:1_[M+Cl]1-
752.56	PE-O_38:4_[M-H]1-
753.456	PI_28:0_[M-H]1-
753.4712	PG_35:5_[M-H]1-
753.4923	PI-O_29:0_[M-H]1-
753.5076	PG-O_36:5_[M-H]1-
753.544	PA_40:3_[M-H]1-
754.4665	PS_34:4_[M-H]1-
754.5159	PC_31:0_[M+Cl]1-
754.5392	PE_37:3_[M-H]1-
754.5523	PC-O_32:0_[M+Cl]1-
754.5756	PE-O_38:3_[M-H]1-
755.4869	PG_35:4_[M-H]1-
755.5232	PG-O_36:4_[M-H]1-
755.5596	PA_40:2_[M-H]1-
756.461	PE_38:9_[M-H]1-
756.4821	PC_30:4_[M+OAC]1- / PS_34:3_[M-H]1-
756.5185	PS-P_35:2_[M-H]1-
756.5549	PE_37:2_[M-H]1-
756.5913	PE-O_38:2_[M-H]1-
757.5025	PG_35:3_[M-H]1-
757.5389	PG-O_36:3_[M-H]1-
757.5753	PA_40:1_[M-H]1-
758.4533	PC_32:5_[M+Cl]1-
758.4766	PE_38:8_[M-H]1-
758.4978	PC_30:3_[M+OAC]1- / PS_34:2_[M-H]1-
758.5341	PS-O_35:2_[M-H]1-
758.5705	PE_37:1_[M-H]1-
758.6069	PE-O_38:1_[M-H]1-
759.497	PA_41:7_[M-H]1-
759.5182	PG_35:2_[M-H]1-
759.5545	PG-O_36:2_[M-H]1-
759.5658	SM_34:2_[M+OAC]1-
759.5909	PA_40:0_[M-H]1-
760.469	PC_32:4_[M+Cl]1-
760.4923	PE_38:7_[M-H]1-
760.5134	PC_30:2_[M+OAC]1- / PS_34:1_[M-H]1-
760.5498	PC-P_31:1_[M+OAC]1- / PS-O_35:1_[M-H]1-
760.5862	PE_37:0_[M-H]1-
760.6226	PE-O_38:0_[M-H]1-
761.4399	PG_36:8_[M-H]1-
761.5127	PA_41:6_[M-H]1-
761.5338	PG_35:1_[M-H]1-
761.5702	PG-O_36:1_[M-H]1-
761.5814	SM_34:1_[M+OAC]1-
762.4846	PC_32:3_[M+Cl]1-
762.5079	PE_38:6_[M-H]1-
762.521	PC-P_33:2_[M+Cl]1-
762.5291	PC_30:1_[M+OAC]1- / PS_34:0_[M-H]1-
762.5654	PC-O-31:1_[M+OAC]1- / PS-O_35:0_[M-H]1-
763.4403	PI_29:2_[M-H]1-
763.4556	PG_36:7_[M-H]1-
763.4767	PI-P_30:1_[M-H]1-
763.5283	PA_41:5_[M-H]1-
763.5495	PG_35:0_[M-H]1-
763.5858	PG-O_36:0_[M-H]1-
763.5971	SM_34:0_[M+OAC]1-
764.4508	PS_35:6_[M-H]1-
764.4872	PS-P_36:5_[M-H]1-
764.5003	PC_32:2_[M+Cl]1-
764.5236	PE_38:5_[M-H]1-
764.5366	PC-O_33:2_[M+Cl]1-
764.5447	PC_30:0_[M+OAC]1-
764.5811	PC-O-31:0_[M+OAC]1-
764.6175	PC-2O_32:0_[M+OAC]1-
765.4501	PA_42:11_[M-H]1-
765.456	PI_29:1_[M-H]1-
765.4712	PG_36:6_[M-H]1-
765.4923	PI-O_30:1_[M-H]1-
765.544	PA_41:4_[M-H]1-
766.4665	PS_35:5_[M-H]1-
766.5028	PS-O_36:5_[M-H]1-
766.5159	PC_32:1_[M+Cl]1-
766.5392	PE_38:4_[M-H]1-
766.5523	PC-O_33:1_[M+Cl]1-
766.5887	PC-2O_34:1_[M+Cl]1-
767.4657	PA_42:10_[M-H]1-
767.4716	PI_29:0_[M-H]1-
767.4869	PG_36:5_[M-H]1-
767.508	PI-O_30:0_[M-H]1-
767.5596	PA_41:3_[M-H]1-
768.4821	PS_35:4_[M-H]1-
768.5185	PS-O_36:4_[M-H]1-
768.5316	PC_32:0_[M+Cl]1-
768.5549	PE_38:3_[M-H]1-
768.5679	PC-O_33:0_[M+Cl]1-
768.6043	PC-2O_34:0_[M+Cl]1-
769.4814	PA_42:9_[M-H]1-
769.5025	PG_36:4_[M-H]1-
769.5753	PA_41:2_[M-H]1-
770.4978	PC_31:4_[M+OAC]1- / PS_35:3_[M-H]1-
770.5341	PS-O_36:3_[M-H]1-
770.5705	PE_38:2_[M-H]1-
770.6069	PE-P_39:1_[M-H]1-
771.497	PA_42:8_[M-H]1-
771.5182	PG_36:3_[M-H]1-
771.5545	PG-P_37:2_[M-H]1-
771.5909	PA_41:1_[M-H]1-
772.469	PC_33:5_[M+Cl]1-
772.4923	PE_39:8_[M-H]1-
772.5053	PC-P_34:4_[M+Cl]1-
772.5134	PC_31:3_[M+OAC]1- / PS_35:2_[M-H]1-
772.5287	PE-P_40:7_[M-H]1-
772.5498	PC-O_32:3_[M+OAC]1- / PS-O_36:2_[M-H]1-
772.5862	PE_38:1_[M-H]1-
772.6226	PE-O_39:1_[M-H]1-
772.7357	2H-IS__PC_U
773.4247	PI_30:4_[M-H]1-
773.5127	PA_42:7_[M-H]1-
773.5338	PG_36:2_[M-H]1-
773.5702	PG-O_37:2_[M-H]1-
773.6066	PA_41:0_[M-H]1-
773.7414	2H-IS__PC_U
774.4352	PS_36:8_[M-H]1-
774.4846	PC_33:4_[M+Cl]1-
774.5079	PE_39:7_[M-H]1-
774.521	PC-O_34:4_[M+Cl]1-
774.5291	PC_31:2_[M+OAC]1- / PS_35:1_[M-H]1-
774.5443	PE-P_40:6_[M-H]1-
774.5654	PC-O_32:2_[M+OAC]1- / PS-O_36:1_[M-H]1-
774.6018	PE_38:0_[M-H]1-
774.6382	PE-O_39:0_[M-H]1-
774.6911	2H-IS__PG_[M-H]1-
774.747	2H-IS__PC_U
775.4403	PI_30:3_[M-H]1-
775.5283	PA_42:6_[M-H]1-
775.5495	PG_36:1_[M-H]1-
775.5858	PG-O_37:1_[M-H]1-
775.5971	SM_35:1_[M+OAC]1-
775.697	2H-IS__PG_[M-H]1-
775.7522	2H-IS__PC_U
776.4508	PS_36:7_[M-H]1-
776.5003	PC_33:3_[M+Cl]1-
776.5236	PE_39:6_[M-H]1-
776.5366	PC-O_34:3_[M+Cl]1-
776.5447	PC_31:1_[M+OAC]1- / PS_35:0_[M-H]1-
776.56	PE-O_40:6_[M-H]1-
776.5811	PC-O_32:1_[M+OAC]1- / PS-O_36:0_[M-H]1-
776.7029	2H-IS__PG_[M-H]1-
776.7566	2H-IS__PC_U
777.456	PI_30:2_[M-H]1-
777.4712	PG_37:7_[M-H]1-
777.4923	PI-P_31:1_[M-H]1-
777.5076	PG-P_38:6_[M-H]1-
777.544	PA_42:5_[M-H]1-
777.5651	PG_36:0_[M-H]1-
777.6015	PG-O_37:0_[M-H]1-
777.6127	SM_35:0_[M+OAC]1-
777.7084	2H-IS__PG_[M-H]1-
777.7607	2H-IS__PC_U
778.4665	PS_36:6_[M-H]1-
778.5159	PC_33:2_[M+Cl]1-
778.5392	PE_39:5_[M-H]1-
778.5523	PC-O_34:2_[M+Cl]1-
778.5604	PC_31:0_[M+OAC]1-
778.5756	PE-O_40:5_[M-H]1-
778.5967	PC-O_32:0_[M+OAC]1-
778.7135	2H-IS__PG_[M-H]1-
779.4716	PI_30:1_[M-H]1-
779.4869	PG_37:6_[M-H]1-
779.508	PI-O_31:1_[M-H]1-
779.5232	PG-O_38:6_[M-H]1-
779.5596	PA_42:4_[M-H]1-
779.7172	2H-IS__PG_[M-H]1-
780.4821	PS_36:5_[M-H]1-
780.5316	PC_33:1_[M+Cl]1-
780.5549	PE_39:4_[M-H]1-
780.5679	PC-O_34:1_[M+Cl]1-
780.5913	PE-O_40:4_[M-H]1-
780.7205	2H-IS__PG_[M-H]1-
781.4873	PI_30:0_[M-H]1-
781.5025	PG_37:5_[M-H]1-
781.5236	PI-O_31:0_[M-H]1-
781.5389	PG-O_38:5_[M-H]1-
781.5753	PA_42:3_[M-H]1-
782.4766	PE_40:10_[M-H]1-
782.4978	PC_32:5_[M+OAC]1- / PS_36:4_[M-H]1-
782.5472	PC_33:0_[M+Cl]1-
782.5705	PE_39:3_[M-H]1-
782.5836	PC-O_34:0_[M+Cl]1-
782.6069	PE-O_40:3_[M-H]1-
783.5182	PG_37:4_[M-H]1-
783.5545	PG-O_38:4_[M-H]1-
783.5909	PA_42:2_[M-H]1-
784.469	PC_34:6_[M+Cl]1-
784.4923	PE_40:9_[M-H]1-
784.5134	PC_32:4_[M+OAC]1- / PS_36:3_[M-H]1-
784.5498	PS-P_37:2_[M-H]1-
784.5862	PE_39:2_[M-H]1-
784.6226	PE-O_40:2_[M-H]1-
785.5338	PG_37:3_[M-H]1-
785.5702	PG-O_38:3_[M-H]1-
785.5814	SM_36:3_[M+OAC]1-
785.6066	PA_42:1_[M-H]1-
786.4846	PC_34:5_[M+Cl]1-
786.5079	PE_40:8_[M-H]1-
786.5291	PC_32:3_[M+OAC]1- / PS_36:2_[M-H]1-
786.5654	PC-P_33:2_[M+OAC]1- / PS-O_37:2_[M-H]1-
786.6018	PE_39:1_[M-H]1-
786.6382	PE-O_40:1_[M-H]1-
787.4403	PI_31:4_[M-H]1-
787.4556	PG_38:9_[M-H]1-
787.5495	PG_37:2_[M-H]1-
787.5858	PG-O_38:2_[M-H]1-
787.5971	SM_36:2_[M+OAC]1-
787.6222	PA_42:0_[M-H]1-
788.5003	PC_34:4_[M+Cl]1-
788.5236	PE_40:7_[M-H]1-
788.5366	PC-O_35:4_[M+Cl]1-
788.5447	PC_32:2_[M+OAC]1- / PS_36:1_[M-H]1-
788.5811	PC-O_33:2_[M+OAC]1- / PS-O_37:1_[M-H]1-
788.6175	PE_39:0_[M-H]1-
788.6539	PE-O_40:0_[M-H]1-
789.456	PI_31:3_[M-H]1-
789.4712	PG_38:8_[M-H]1-
789.544	PA_43:6_[M-H]1-
789.5651	PG_37:1_[M-H]1-
789.6015	PG-O_38:1_[M-H]1-
789.6127	SM_36:1_[M+OAC]1-
790.4665	PS_37:7_[M-H]1-
790.5028	PS-P_38:6_[M-H]1-
790.5159	PC_34:3_[M+Cl]1-
790.5392	PE_40:6_[M-H]1-
790.5523	PC-P_35:2_[M+Cl]1-
790.5604	PC_32:1_[M+OAC]1- / PS_36:0_[M-H]1-
790.5967	PC-O_33:1_[M+OAC]1- / PS-O_37:0_[M-H]1-
790.6331	PC-2O_34:1_[M+OAC]1-
790.7683	2H-IS__SM_[M+OAC]1-
790.8514	2H-IS_PS16_[M-H]1-
791.4657	PA_44:12_[M-H]1-
791.4716	PI_31:2_[M-H]1-
791.4869	PG_38:7_[M-H]1-
791.508	PI-P_32:1_[M-H]1-
791.5808	PG_37:0_[M-H]1-
791.6171	PG-O_38:0_[M-H]1-
791.6284	SM_36:0_[M+OAC]1-
791.7742	2H-IS__SM_[M+OAC]1-
791.8573	2H-IS_PS16_[M-H]1-
792.4821	PS_37:6_[M-H]1-
792.5185	PS-O_38:6_[M-H]1-
792.5316	PC_34:2_[M+Cl]1-
792.5549	PE_40:5_[M-H]1-
792.5679	PC-O_35:2_[M+Cl]1-
792.576	PC_32:0_[M+OAC]1-
792.6043	PC-2O_36:1_[M+Cl]1-
792.6124	PC-O_33:0_[M+OAC]1-
792.6488	PC-2O_34:0_[M+OAC]1-
792.7796	2H-IS__SM_[M+OAC]1-
792.8633	2H-IS_PS16_[M-H]1-
793.4873	PI_31:1_[M-H]1-
793.5025	PG_38:6_[M-H]1-
793.5236	PI-O_32:1_[M-H]1-
793.5753	PA_43:4_[M-H]1-
793.7829	2H-IS__SM_[M+OAC]1-
793.8692	2H-IS_PS16_[M-H]1-
794.4978	PS_37:5_[M-H]1-
794.5341	PS-O_38:5_[M-H]1-
794.5472	PC_34:1_[M+Cl]1-
794.5705	PE_40:4_[M-H]1-
794.5836	PC-O_35:1_[M+Cl]1-
794.786	2H-IS__SM_[M+OAC]1-
794.8748	2H-IS_PS16_[M-H]1-
795.497	PA_44:10_[M-H]1-
795.5029	PI_31:0_[M-H]1-
795.5182	PG_38:5_[M-H]1-
795.5393	PI-O_32:0_[M-H]1-
795.7892	2H-IS__SM_[M+OAC]1-
795.8802	2H-IS_PS16_[M-H]1-
796.5134	PC_33:5_[M+OAC]1- / PS_37:4_[M-H]1-
796.5498	PC-P_34:4_[M+OAC]1- / PS-O_38:4_[M-H]1-
796.5629	PC_34:0_[M+Cl]1-
796.5862	PE_40:3_[M-H]1-
796.5992	PC-O_35:0_[M+Cl]1-
796.8851	2H-IS_PS16_[M-H]1-
797.5338	PG_38:4_[M-H]1-
797.6066	PA_43:2_[M-H]1-
797.8898	2H-IS_PS16_[M-H]1-
798.4846	PC_35:6_[M+Cl]1-
798.521	PC-P_36:5_[M+Cl]1-
798.5291	PC_33:4_[M+OAC]1- / PS_37:3_[M-H]1-
798.5654	PC-O_34:4_[M+OAC]1- / PS-O_38:3_[M-H]1-
798.6018	PE_40:2_[M-H]1-
799.4403	PI_32:5_[M-H]1-
799.5283	PA_44:8_[M-H]1-
799.5495	PG_38:3_[M-H]1-
799.6222	PA_43:1_[M-H]1-
800.4508	PS_38:9_[M-H]1-
800.5003	PC_35:5_[M+Cl]1-
800.5366	PC-O_36:5_[M+Cl]1-
800.5447	PC_33:3_[M+OAC]1- / PS_37:2_[M-H]1-
800.5811	PC-O_34:3_[M+OAC]1- / PS-O_38:2_[M-H]1-
800.6175	PE_40:1_[M-H]1-
800.6539	PE-P_41:0_[M-H]1-
801.456	PI_32:4_[M-H]1-
801.544	PA_44:7_[M-H]1-
801.5651	PG_38:2_[M-H]1-
801.6015	PG-P_39:1_[M-H]1-
801.6379	PA_43:0_[M-H]1-
802.4665	PS_38:8_[M-H]1-
802.5159	PC_35:4_[M+Cl]1-
802.5392	PE_41:7_[M-H]1-
802.5523	PC-O_36:4_[M+Cl]1-
802.5604	PC_33:2_[M+OAC]1- / PS_37:1_[M-H]1-
802.5756	PE-P_42:6_[M-H]1-
802.5967	PC-O_34:2_[M+OAC]1- / PS-O_38:1_[M-H]1-
802.6331	PE_40:0_[M-H]1-
802.6695	PE-O_41:0_[M-H]1-
803.4716	PI_32:3_[M-H]1-
803.4869	PG_39:8_[M-H]1-
803.508	PI-P_33:2_[M-H]1-
803.5596	PA_44:6_[M-H]1-
803.5808	PG_38:1_[M-H]1-
803.6171	PG-O_39:1_[M-H]1-
803.6284	SM_37:1_[M+OAC]1-
804.4821	PS_38:7_[M-H]1-
804.5316	PC_35:3_[M+Cl]1-
804.5549	PE_41:6_[M-H]1-
804.5679	PC-O_36:3_[M+Cl]1-
804.576	PC_33:1_[M+OAC]1- / PS_37:0_[M-H]1-
804.5913	PE-O_42:6_[M-H]1-
804.6124	PC-O_34:1_[M+OAC]1- / PS-O_38:0_[M-H]1-
805.4873	PI_32:2_[M-H]1-
805.5025	PG_39:7_[M-H]1-
805.5236	PI-O_33:2_[M-H]1-
805.5389	PG-P_40:6_[M-H]1-
805.5753	PA_44:5_[M-H]1-
805.5964	PG_38:0_[M-H]1-
805.6328	PG-O_39:0_[M-H]1-
806.4978	PS_38:6_[M-H]1-
806.5472	PC_35:2_[M+Cl]1-
806.5705	PE_41:5_[M-H]1-
806.5836	PC-O_36:2_[M+Cl]1-
806.5917	PC_33:0_[M+OAC]1-
806.6069	PE-P_42:4_[M-H]1-
806.628	PC-O_34:0_[M+OAC]1-
807.5029	PI_32:1_[M-H]1-
807.5182	PG_39:6_[M-H]1-
807.5393	PI-O_33:1_[M-H]1-
807.5545	PG-O_40:6_[M-H]1-
807.5909	PA_44:4_[M-H]1-
808.469	PC_36:8_[M+Cl]1-
808.4923	PE_42:11_[M-H]1-
808.5134	PC_34:6_[M+OAC]1- / PS_38:5_[M-H]1-
808.5629	PC_35:1_[M+Cl]1-
808.5862	PE_41:4_[M-H]1-
808.5992	PC-O_36:1_[M+Cl]1-
808.6226	PE-O_42:4_[M-H]1-
809.5186	PI_32:0_[M-H]1-
809.5338	PG_39:5_[M-H]1-
809.5549	PI-O_33:0_[M-H]1-
809.5702	PG-O_40:5_[M-H]1-
809.6066	PA_44:3_[M-H]1-
810.4846	PC_36:7_[M+Cl]1-
810.5079	PE_42:10_[M-H]1-
810.5291	PC_34:5_[M+OAC]1- / PS_38:4_[M-H]1-
810.5785	PC_35:0_[M+Cl]1-
810.6018	PE_41:3_[M-H]1-
810.6149	PC-O_36:0_[M+Cl]1-
810.6382	PE-P_42:2_[M-H]1-
811.5495	PG_39:4_[M-H]1-
811.5858	PG-O_40:4_[M-H]1-
811.6222	PA_44:2_[M-H]1-
812.5003	PC_36:6_[M+Cl]1-
812.5236	PE_42:9_[M-H]1-
812.5447	PC_34:4_[M+OAC]1- / PS_38:3_[M-H]1-
812.5811	PC-O_35:4_[M+OAC]1-
812.6175	PE_41:2_[M-H]1-
812.6539	PE-O_42:2_[M-H]1-
813.456	PI_33:5_[M-H]1-
813.4712	PG_40:10_[M-H]1-
813.4923	PI-P_34:4_[M-H]1-
813.5651	PG_39:3_[M-H]1-
813.6015	PG-O_40:3_[M-H]1-
813.6127	SM_38:3_[M+OAC]1-
813.6379	PA_44:1_[M-H]1-
814.5159	PC_36:5_[M+Cl]1-
814.5392	PE_42:8_[M-H]1-
814.5604	PC_34:3_[M+OAC]1- / PS_38:2_[M-H]1-
814.5967	PC-P_35:2_[M+OAC]1- / PS-P_39:1_[M-H]1-
814.6331	PE_41:1_[M-H]1-
814.6695	PE-O_42:1_[M-H]1-
815.4716	PI_33:4_[M-H]1-
815.4869	PG_40:9_[M-H]1-
815.508	PI-O_34:4_[M-H]1-
815.5808	PG_39:2_[M-H]1-
815.6171	PG-O_40:2_[M-H]1-
815.6284	SM_38:2_[M+OAC]1-
815.6535	PA_44:0_[M-H]1-
816.4821	PS_39:8_[M-H]1-
816.5316	PC_36:4_[M+Cl]1-
816.5549	PE_42:7_[M-H]1-
816.5679	PC-O_37:4_[M+Cl]1-
816.576	PC_34:2_[M+OAC]1- / PS_38:1_[M-H]1-
816.6124	PC-O_35:2_[M+OAC]1- / PS-O_39:1_[M-H]1-
816.6488	PC-2O_36:1_[M+OAC]1- / PE_41:0_[M-H]1-
816.6852	PE-O_42:0_[M-H]1-
817.4873	PI_33:3_[M-H]1-
817.5025	PG_40:8_[M-H]1-
817.5236	PI-O_34:3_[M-H]1-
817.5964	PG_39:1_[M-H]1-
817.6328	PG-O_40:1_[M-H]1-
817.644	SM_38:1_[M+OAC]1-
818.4978	PS_39:7_[M-H]1-
818.5341	PS-P_40:6_[M-H]1-
818.5472	PC_36:3_[M+Cl]1-
818.5705	PE_42:6_[M-H]1-
818.5836	PC-P_37:2_[M+Cl]1-
818.5917	PC_34:1_[M+OAC]1- / PS_38:0_[M-H]1-
818.628	PC-O_35:1_[M+OAC]1- / PS-O_39:0_[M-H]1-
819.5029	PI_33:2_[M-H]1-
819.5182	PG_40:7_[M-H]1-
819.5393	PI-O_34:2_[M-H]1-
819.6121	PG_39:0_[M-H]1-
819.6484	PG-O_40:0_[M-H]1-
819.6597	SM_38:0_[M+OAC]1-
820.5134	PS_39:6_[M-H]1-
820.5498	PS-O_40:6_[M-H]1-
820.5629	PC_36:2_[M+Cl]1-
820.5862	PE_42:5_[M-H]1-
820.5992	PC-O_37:2_[M+Cl]1-
820.6073	PC_34:0_[M+OAC]1-
820.6437	PC-O_35:0_[M+OAC]1-
821.5186	PI_33:1_[M-H]1-
821.5338	PG_40:6_[M-H]1-
821.5549	PI-O_34:1_[M-H]1-
822.5291	PC_35:6_[M+OAC]1- / PS_39:5_[M-H]1-
822.5654	PC-P_36:5_[M+OAC]1- / PS-O_40:5_[M-H]1-
822.5785	PC_36:1_[M+Cl]1-
822.6018	PE_42:4_[M-H]1-
822.6149	PC-O_37:1_[M+Cl]1-
822.7293	2H-IS__PC_[M+Cl-]1-
823.5342	PI_33:0_[M-H]1-
823.5495	PG_40:5_[M-H]1-
823.5706	PI-O_34:0_[M-H]1-
823.7349	2H-IS__PC_[M+Cl-]1-
824.5003	PC_37:7_[M+Cl]1-
824.5366	PC-P_38:6_[M+Cl]1-
824.5447	PC_35:5_[M+OAC]1- / PS_39:4_[M-H]1-
824.5811	PC-O_36:5_[M+OAC]1- / PS-O_40:4_[M-H]1-
824.5942	PC_36:0_[M+Cl]1-
824.6175	PE_42:3_[M-H]1-
824.6305	PC-O_37:0_[M+Cl]1-
824.7406	2H-IS__PC_[M+Cl-]1-
825.456	PI_34:6_[M-H]1-
825.5651	PG_40:4_[M-H]1-
825.7454	2H-IS__PC_[M+Cl-]1-
826.4665	PS_40:10_[M-H]1-
826.5159	PC_37:6_[M+Cl]1-
826.5523	PC-O_38:6_[M+Cl]1-
826.5604	PC_35:4_[M+OAC]1- / PS_39:3_[M-H]1-
826.5967	PC-O_36:4_[M+OAC]1- / PS-O_40:3_[M-H]1-
826.6331	PE_42:2_[M-H]1-
826.7398	2H-IS__PC_[M+Cl-]1-
827.4716	PI_34:5_[M-H]1-
827.5808	PG_40:3_[M-H]1-
827.7429	2H-IS__PC_[M+Cl-]1-
828.4821	PS_40:9_[M-H]1-
828.5316	PC_37:5_[M+Cl]1-
828.5679	PC-O_38:5_[M+Cl]1-
828.576	PC_35:3_[M+OAC]1- / PS_39:2_[M-H]1-
828.6124	PC-O_36:3_[M+OAC]1- / PS-O_40:2_[M-H]1-
828.6488	PE_42:1_[M-H]1-
828.746	2H-IS__PC_[M+Cl-]1-
829.4873	PI_34:4_[M-H]1-
829.5964	PG_40:2_[M-H]1-
829.644	SM_39:2_[M+OAC]1-
830.4978	PS_40:8_[M-H]1-
830.5472	PC_37:4_[M+Cl]1-
830.5836	PC-O_38:4_[M+Cl]1-
830.5917	PC_35:2_[M+OAC]1- / PS_39:1_[M-H]1-
830.628	PC-O_36:2_[M+OAC]1- / PS-O_40:1_[M-H]1-
830.6644	PE_42:0_[M-H]1-
831.5029	PI_34:3_[M-H]1-
831.5393	PI-P_35:2_[M-H]1-
831.6121	PG_40:1_[M-H]1-
831.6484	PG-P_41:0_[M-H]1-
831.6597	SM_39:1_[M+OAC]1-
832.5134	PC_36:8_[M+OAC]1- / PS_40:7_[M-H]1-
832.5629	PC_37:3_[M+Cl]1-
832.5862	PE_43:6_[M-H]1-
832.5992	PC-O_38:3_[M+Cl]1-
832.6073	PC_35:1_[M+OAC]1- / PS_39:0_[M-H]1-
832.6437	PC-O_36:1_[M+OAC]1- / PS-O_40:0_[M-H]1-
833.5186	PI_34:2_[M-H]1-
833.5338	PG_41:7_[M-H]1-
833.5549	PI-O_35:2_[M-H]1-
833.5702	PG-P_42:6_[M-H]1-
833.6277	PG_40:0_[M-H]1-
833.6641	PG-O_41:0_[M-H]1-
834.4846	PC_38:9_[M+Cl]1-
834.5079	PE_44:12_[M-H]1-
834.5291	PC_36:7_[M+OAC]1- / PS_40:6_[M-H]1-
834.5785	PC_37:2_[M+Cl]1-
834.6149	PC-O_38:2_[M+Cl]1-
834.623	PC_35:0_[M+OAC]1-
834.6593	PC-O_36:0_[M+OAC]1-
835.5342	PI_34:1_[M-H]1-
835.5495	PG_41:6_[M-H]1-
835.5706	PI-O_35:1_[M-H]1-
835.5858	PG-O_42:6_[M-H]1-
836.5003	PC_38:8_[M+Cl]1-
836.5447	PC_36:6_[M+OAC]1- / PS_40:5_[M-H]1-
836.5942	PC_37:1_[M+Cl]1-
836.6175	PE_43:4_[M-H]1-
836.6305	PC-O_38:1_[M+Cl]1-
837.5499	PI_34:0_[M-H]1-
837.5651	PG_41:5_[M-H]1-
837.5862	PI-O_35:0_[M-H]1-
837.6015	PG-P_42:4_[M-H]1-
838.5159	PC_38:7_[M+Cl]1-
838.5392	PE_44:10_[M-H]1-
838.5604	PC_36:5_[M+OAC]1- / PS_40:4_[M-H]1-
838.6098	PC_37:0_[M+Cl]1-
838.6462	PC-O_38:0_[M+Cl]1-
839.4716	PI_35:6_[M-H]1-
839.4869	PG_42:11_[M-H]1-
839.508	PI-P_36:5_[M-H]1-
839.5808	PG_41:4_[M-H]1-
839.6171	PG-O_42:4_[M-H]1-
840.5316	PC_38:6_[M+Cl]1-
840.576	PC_36:4_[M+OAC]1- / PS_40:3_[M-H]1-
840.6124	PC-O_37:4_[M+OAC]1-
840.6488	PE_43:2_[M-H]1-
841.4873	PI_35:5_[M-H]1-
841.5025	PG_42:10_[M-H]1-
841.5236	PI-O_36:5_[M-H]1-
841.5964	PG_41:3_[M-H]1-
841.6328	PG-P_42:2_[M-H]1-
841.644	SM_40:3_[M+OAC]1-
842.5472	PC_38:5_[M+Cl]1-
842.5705	PE_44:8_[M-H]1-
842.5917	PC_36:3_[M+OAC]1- / PS_40:2_[M-H]1-
842.628	PC-P_37:2_[M+OAC]1-
842.6644	PE_43:1_[M-H]1-
843.5029	PI_35:4_[M-H]1-
843.5182	PG_42:9_[M-H]1-
843.5393	PI-O_36:4_[M-H]1-
843.6121	PG_41:2_[M-H]1-
843.6484	PG-O_42:2_[M-H]1-
843.6597	SM_40:2_[M+OAC]1-
844.5629	PC_38:4_[M+Cl]1-
844.5862	PE_44:7_[M-H]1-
844.6073	PC_36:2_[M+OAC]1- / PS_40:1_[M-H]1-
844.6437	PC-O_37:2_[M+OAC]1- / PS-P_41:0_[M-H]1-
844.6801	PE_43:0_[M-H]1-
845.5186	PI_35:3_[M-H]1-
845.5338	PG_42:8_[M-H]1-
845.5549	PI-O_36:3_[M-H]1-
845.6277	PG_41:1_[M-H]1-
845.6641	PG-O_42:1_[M-H]1-
845.6753	SM_40:1_[M+OAC]1-
846.5291	PS_41:7_[M-H]1-
846.5654	PS-P_42:2_[M-H]1-
846.5785	PC_38:3_[M+Cl]1-
846.6018	PE_44:6_[M-H]1-
846.623	PC_36:1_[M+OAC]1- / PS_40:0_[M-H]1-
846.6593	PC-O_37:1_[M+OAC]1- / PS-O_41:0_[M-H]1-
846.7727	2H-IS__PC_[M+OAC]1-
847.5342	PI_35:2_[M-H]1-
847.5495	PG_42:7_[M-H]1-
847.5706	PI-O_36:2_[M-H]1-
847.6434	PG_41:0_[M-H]1-
847.6797	PG-O_42:0_[M-H]1-
847.691	SM_40:0_[M+OAC]1-
847.7785	2H-IS__PC_[M+OAC]1-
848.5447	PC_37:7_[M+OAC]1- / PS_41:6_[M-H]1-
848.5811	PC-P_38:6_[M+OAC]1- / PS-O_42:6_[M-H]1-
848.5942	PC_38:2_[M+Cl]1-
848.6175	PE_44:5_[M-H]1-
848.6305	PC-P_39:1_[M+Cl]1-
848.6386	PC_36:0_[M+OAC]1-
848.675	PC-O_37:0_[M+OAC]1-
848.7839	2H-IS__PC_[M+OAC]1-
849.456	PI_36:8_[M-H]1-
849.5499	PI_35:1_[M-H]1-
849.5651	PG_42:6_[M-H]1-
849.5862	PI-O_36:1_[M-H]1-
849.7888	2H-IS__PC_[M+OAC]1-
850.5159	PC_39:8_[M+Cl]1-
850.5604	PC_37:6_[M+OAC]1- / PS_41:5_[M-H]1-
850.5967	PC-O_38:6_[M+OAC]1- / PS-P_42:1_[M-H]1-
850.6098	PC_38:1_[M+Cl]1-
850.6331	PE_44:4_[M-H]1-
850.6462	PC-O_39:1_[M+Cl]1-
850.7924	2H-IS__PC_[M+OAC]1-
851.4716	PI_36:7_[M-H]1-
851.5655	PI_35:0_[M-H]1-
851.5808	PG_42:5_[M-H]1-
851.6019	PI-O_36:0_[M-H]1-
852.4821	PS_42:11_[M-H]1-
852.5316	PC_39:7_[M+Cl]1-
852.5679	PC-P_40:6_[M+Cl]1-
852.576	PC_37:5_[M+OAC]1- / PS_41:4_[M-H]1-
852.6124	PC-O_38:5_[M+OAC]1- / PS-O_42:4_[M-H]1-
852.6255	PC_38:0_[M+Cl]1-
852.6488	PE_44:3_[M-H]1-
852.6618	PC-O_39:0_[M+Cl]1-
852.6982	PC-2O_40:0_[M+Cl]1-
853.4873	PI_36:6_[M-H]1-
853.5964	PG_42:4_[M-H]1-
854.4978	PS_42:10_[M-H]1-
854.5472	PC_39:6_[M+Cl]1-
854.5836	PC-O_40:6_[M+Cl]1-
854.5917	PC_37:4_[M+OAC]1- / PS_41:3_[M-H]1-
854.628	PC-O_38:4_[M+OAC]1- / PS-P_42:0_[M-H]1-
854.6644	PE_44:2_[M-H]1-
855.5029	PI_36:5_[M-H]1-
855.6121	PG_42:3_[M-H]1-
856.5134	PS_42:9_[M-H]1-
856.5629	PC_39:5_[M+Cl]1-
856.5992	PC-O_40:5_[M+Cl]1-
856.6073	PC_37:3_[M+OAC]1- / PS_41:2_[M-H]1-
856.6437	PC-O_38:3_[M+OAC]1- / PS-O_42:2_[M-H]1-
856.6801	PE_44:1_[M-H]1-
857.5186	PI_36:4_[M-H]1-
857.6277	PG_42:2_[M-H]1-
857.6753	SM_41:1_[M+OAC]1-
858.5291	PC_38:9_[M+OAC]1- / PS_42:8_[M-H]1-
858.5785	PC_39:4_[M+Cl]1-
858.6149	PC-O_40:4_[M+Cl]1-
858.623	PC_37:2_[M+OAC]1- / PS_41:1_[M-H]1-
858.6593	PC-O_38:2_[M+OAC]1- / PS-O_42:1_[M-H]1-
858.6957	PE_44:0_[M-H]1-
859.5342	PI_36:3_[M-H]1-
859.5706	PI-P_37:2_[M-H]1-
859.6434	PG_42:1_[M-H]1-
859.691	SM_41:0_[M+OAC]1-
860.5003	PC_40:10_[M+Cl]1-
860.5447	PC_38:8_[M+OAC]1- / PS_42:7_[M-H]1-
860.5942	PC_39:3_[M+Cl]1-
860.6305	PC-O_40:3_[M+Cl]1-
860.6386	PC_37:1_[M+OAC]1- / PS_41:0_[M-H]1-
860.675	PC-O_38:1_[M+OAC]1- / PS-O_42:0_[M-H]1-
861.5499	PI_36:2_[M-H]1-
861.5862	PI-O_37:2_[M-H]1-
861.659	PG_42:0_[M-H]1-
862.5159	PC_40:9_[M+Cl]1-
862.5604	PC_38:7_[M+OAC]1- / PS_42:6_[M-H]1-
862.6098	PC_39:2_[M+Cl]1-
862.6462	PC-O_40:2_[M+Cl]1-
862.6543	PC_37:0_[M+OAC]1-
862.6906	PC-O_38:0_[M+OAC]1-
862.7069	2H-IS__PI_[M-H]1-
863.5655	PI_36:1_[M-H]1-
863.5808	PG_43:6_[M-H]1-
863.6019	PI-O_37:1_[M-H]1-
863.7131	2H-IS__PI_[M-H]1-
864.5316	PC_40:8_[M+Cl]1-
864.576	PC_38:6_[M+OAC]1- / PS_42:5_[M-H]1-
864.6255	PC_39:1_[M+Cl]1-
864.6618	PC-O_40:1_[M+Cl]1-
864.7191	2H-IS__PI_[M-H]1-
865.4873	PI_37:7_[M-H]1-
865.5025	PG_44:12_[M-H]1-
865.5236	PI-P_38:6_[M-H]1-
865.5812	PI_36:0_[M-H]1-
865.6175	PI-O_37:0_[M-H]1-
865.7244	2H-IS__PI_[M-H]1-
866.5472	PC_40:7_[M+Cl]1-
866.5917	PC_38:5_[M+OAC]1- / PS_42:4_[M-H]1-
866.6411	PC_39:0_[M+Cl]1-
866.6775	PC-O_40:0_[M+Cl]1-
866.7295	2H-IS__PI_[M-H]1-
867.5029	PI_37:6_[M-H]1-
867.5393	PI-O_38:6_[M-H]1-
867.6121	PG_43:4_[M-H]1-
867.7331	2H-IS__PI_[M-H]1-
868.5629	PC_40:6_[M+Cl]1-
868.6073	PC_38:4_[M+OAC]1- / PS_42:3_[M-H]1-
868.7361	2H-IS__PI_[M-H]1-
869.5186	PI_37:5_[M-H]1-
869.5338	PG_44:10_[M-H]1-
869.5549	PI-O_38:5_[M-H]1-
869.6753	SM_42:3_[M+OAC]1-
869.7398	2H-IS__PI_[M-H]1-
870.5785	PC_40:5_[M+Cl]1-
870.623	PC_38:3_[M+OAC]1- / PS_42:2_[M-H]1-
871.5342	PI_37:4_[M-H]1-
871.5706	PI-O_38:4_[M-H]1-
871.6434	PG_43:2_[M-H]1-
871.691	SM_42:2_[M+OAC]1-
872.5942	PC_40:4_[M+Cl]1-
872.6386	PC_38:2_[M+OAC]1- / PS_42:1_[M-H]1-
872.675	PC-P_39:1_[M+OAC]1-
873.5499	PI_37:3_[M-H]1-
873.5651	PG_44:8_[M-H]1-
873.5862	PI-O_38:3_[M-H]1-
873.659	PG_43:1_[M-H]1-
873.7066	SM_42:1_[M+OAC]1-
874.5604	PC_39:8_[M+OAC]1-
874.6098	PC_40:3_[M+Cl]1-
874.6543	PC_38:1_[M+OAC]1- / PS_42:0_[M-H]1-
874.6906	PC-O_39:1_[M+OAC]1-
875.4716	PI_38:9_[M-H]1-
875.5655	PI_37:2_[M-H]1-
875.5808	PG_44:7_[M-H]1-
875.6019	PI-O_38:2_[M-H]1-
875.6747	PG_43:0_[M-H]1-
875.7223	SM_42:0_[M+OAC]1-
876.576	PC_39:7_[M+OAC]1- / PS_43:6_[M-H]1-
876.6124	PC-P_40:6_[M+OAC]1-
876.6255	PC_40:2_[M+Cl]1-
876.6699	PC_38:0_[M+OAC]1-
876.7063	PC-O_39:0_[M+OAC]1-
876.7427	PC-2O_40:0_[M+OAC]1-
877.4873	PI_38:8_[M-H]1-
877.5812	PI_37:1_[M-H]1-
877.5964	PG_44:6_[M-H]1-
877.6175	PI-O_38:1_[M-H]1-
878.5917	PC_39:6_[M+OAC]1-
878.628	PC-O_40:6_[M+OAC]1-
878.6411	PC_40:1_[M+Cl]1-
878.6775	PC-P_41:0_[M+Cl]1-
879.5029	PI_38:7_[M-H]1-
879.5968	PI_37:0_[M-H]1-
879.6121	PG_44:5_[M-H]1-
879.6332	PI-O_38:0_[M-H]1-
880.5629	PC_41:7_[M+Cl]1-
880.5992	PC-P_42:6_[M+Cl]1-
880.6073	PC_39:5_[M+OAC]1- / PS_43:4_[M-H]1-
880.6437	PC-O_40:5_[M+OAC]1-
880.6568	PC_40:0_[M+Cl]1-
880.6931	PC-O_41:0_[M+Cl]1-
881.5186	PI_38:6_[M-H]1-
881.6277	PG_44:4_[M-H]1-
882.5291	PS_44:10_[M-H]1-
882.5785	PC_41:6_[M+Cl]1-
882.6149	PC-O_42:6_[M+Cl]1-
882.623	PC_39:4_[M+OAC]1-
882.6593	PC-O_40:4_[M+OAC]1-
883.5342	PI_38:5_[M-H]1-
883.6434	PG_44:3_[M-H]1-
884.5447	PC_40:10_[M+OAC]1-
884.5942	PC_41:5_[M+Cl]1-
884.6305	PC-P_42:4_[M+Cl]1-
884.6386	PC_39:3_[M+OAC]1- / PS_43:2_[M-H]1-
884.675	PC-O_40:3_[M+OAC]1-
884.7114	PE_46:1_[M-H]1-
885.5499	PI_38:4_[M-H]1-
885.659	PG_44:2_[M-H]1-
885.7066	SM_43_2_[M+OAC]1-
886.5159	PC_42:11_[M+Cl]1-
886.5604	PC_40:9_[M+OAC]1- / PS_44:8_[M-H]1-
886.6098	PC_41:4_[M+Cl]1-
886.6462	PC-O_42:4_[M+Cl]1-
886.6543	PC_39:2_[M+OAC]1- / PS_43:1_[M-H]1-
886.6906	PC-O_40:2_[M+OAC]1-
887.5655	PI_38:3_[M-H]1-
887.6747	PG_44:1_[M-H]1-
887.7223	SM_43_1_[M+OAC]1-
888.5316	PC_42:10_[M+Cl]1-
888.576	PC_40:8_[M+OAC]1- / PS_44:7_[M-H]1-
888.6255	PC_41:3_[M+Cl]1-
888.6618	PC-O_42:3_[M+Cl]1-
888.6699	PC_39:1_[M+OAC]1- / PS_43:0_[M-H]1-
888.7063	PC-O_40:1_[M+OAC]1-
889.5812	PI_38:2_[M-H]1-
889.6175	PI-P_39:1_[M-H]1-
889.6903	PG_44:0_[M-H]1-
890.5472	PC_42:9_[M+Cl]1-
890.5917	PC_40:7_[M+OAC]1- / PS_44:6_[M-H]1-
890.6411	PC_41:2_[M+Cl]1-
890.6775	PC-O_42:2_[M+Cl]1-
890.6856	PC_39:0_[M+OAC]1-
890.7219	PC-O_40:0_[M+OAC]1-
891.5029	PI_39:8_[M-H]1-
891.5968	PI_38:1_[M-H]1-
891.6332	PI-O_39:1_[M-H]1-
892.5629	PC_42:8_[M+Cl]1-
892.6073	PC_40:6_[M+OAC]1- / PS_44:5_[M-H]1-
892.6568	PC_41:1_[M+Cl]1-
892.6931	PC-O_42:1_[M+Cl]1-
893.5186	PI_39:7_[M-H]1-
893.5549	PI-P_40:6_[M-H]1-
893.6125	PI_38:0_[M-H]1-
893.6488	PI-O_39:0_[M-H]1-
894.5785	PC_42:7_[M+Cl]1-
894.623	PC_40:5_[M+OAC]1- / PS_44:4_[M-H]1-
894.6724	PC_41:0_[M+Cl]1-
894.7088	PC-O_42:0_[M+Cl]1-
895.5342	PI_39:6_[M-H]1-
895.5706	PI-O_40:6_[M-H]1-
896.5942	PC_42:6_[M+Cl]1-
896.6386	PC_40:4_[M+OAC]1- / PS_44:3_[M-H]1-
897.5499	PI_39:5_[M-H]1-
897.5862	PI-O_40:5_[M-H]1-
898.6098	PC_42:5_[M+Cl]1-
898.6543	PC_40:3_[M+OAC]1- / PS_44:2_[M-H]1-
899.5655	PI_39:4_[M-H]1-
899.6019	PI-O_40:4_[M-H]1-
899.7223	SM_44:2_[M+OAC]1-
900.6255	PC_42:4_[M+Cl]1-
900.6699	PC_40:2_[M+OAC]1- / PS_44:1_[M-H]1-
901.4873	PI_40:10_[M-H]1-
901.5812	PI_39:3_[M-H]1-
901.6175	PI-O_40:3_[M-H]1-
901.7379	SM_44:1_[M+OAC]1-
902.6411	PC_42:3_[M+Cl]1-
902.6856	PC_40:1_[M+OAC]1- / PS_44:0_[M-H]1-
902.7219	PC-P_41:0_[M+OAC]1-
903.5029	PI_40:9_[M-H]1-
903.5968	PI_39:2_[M-H]1-
903.6332	PI-O_40:2_[M-H]1-
903.7536	SM_44:0_[M+OAC]1-
904.6073	PC_41:7_[M+OAC]1-
904.6437	PC-P_42:6_[M+OAC]1-
904.6568	PC_42:2_[M+Cl]1-
904.7012	PC_40:0_[M+OAC]1-
904.7376	PC-O_41:0_[M+OAC]1-
905.5186	PI_40:8_[M-H]1-
905.6125	PI_39:1_[M-H]1-
905.6488	PI-O_40:1_[M-H]1-
906.623	PC_41:6_[M+OAC]1-
906.6593	PC-O_42:6_[M+OAC]1-
906.6724	PC_42:1_[M+Cl]1-
907.5342	PI_40:7_[M-H]1-
907.6281	PI_39:0_[M-H]1-
907.6645	PI-O_40:0_[M-H]1-
908.6386	PC_41:5_[M+OAC]1-
908.675	PC-P_42:4_[M+OAC]1-
908.6881	PC_42:0_[M+Cl]1-
909.5499	PI_40:6_[M-H]1-
910.5604	PC_42:11_[M+OAC]1-
910.6098	PC_43:6_[M+Cl]1-
910.6543	PC_41:4_[M+OAC]1-
910.6906	PC-O_42:4_[M+OAC]1-
911.5655	PI_40:5_[M-H]1-
912.5316	PC_44:12_[M+Cl]1-
912.576	PC_42:10_[M+OAC]1-
912.6618	PC-O_44:5_[M+Cl]1-
912.6699	PC_41:3_[M+OAC]1-
912.7063	PC-O_42:3_[M+OAC]1-
913.5812	PI_40:4_[M-H]1-
914.5917	PC_42:9_[M+OAC]1-
914.6411	PC_43:4_[M+Cl]1-
914.6775	PC-O_44:4_[M+Cl]1-
914.6856	PC_41:2_[M+OAC]1-
914.7219	PC-O_42:2_[M+OAC]1-
915.5968	PI_40:3_[M-H]1-
916.5629	PC_44:10_[M+Cl]1-
916.6073	PC_42:8_[M+OAC]1-
916.6931	PC-O_44:3_[M+Cl]1-
916.7012	PC_41:1_[M+OAC]1-
916.7376	PC-O_42:1_[M+OAC]1-
917.6125	PI_40:2_[M-H]1-
918.623	PC_42:7_[M+OAC]1-
918.6724	PC_43:2_[M+Cl]1-
918.7169	PC_41:0_[M+OAC]1-
918.7532	PC-O_42:0_[M+OAC]1-
919.6281	PI_40:1_[M-H]1-
919.6645	PI-P_41:0_[M-H]1-
920.5942	PC_44:8_[M+Cl]1-
920.6386	PC_42:6_[M+OAC]1-
920.6881	PC_43:1_[M+Cl]1-
921.5499	PI_41:7_[M-H]1-
921.5862	PI-P_42:6_[M-H]1-
921.6438	PI_40:0_[M-H]1-
921.6801	PI-O_41:0_[M-H]1-
922.6098	PC_44:7_[M+Cl]1-
922.6543	PC_42:5_[M+OAC]1-
922.7037	PC_43:0_[M+Cl]1-
923.5655	PI_41:6_[M-H]1-
923.6019	PI-O_42:6_[M-H]1-
924.6255	PC_44:6_[M+Cl]1-
924.6699	PC_42:4_[M+OAC]1-
925.5812	PI_41:5_[M-H]1-
925.6175	PI-P_42:4_[M-H]1-
926.6411	PC_44:5_[M+Cl]1-
926.6856	PC_42:3_[M+OAC]1-
927.5029	PI_42:11_[M-H]1-
927.5968	PI_41:4_[M-H]1-
927.6332	PI-O_42:4_[M-H]1-
928.6568	PC_44:4_[M+Cl]1-
928.7012	PC_42:2_[M+OAC]1-
929.5186	PI_42:10_[M-H]1-
929.6125	PI_41:3_[M-H]1-
929.6488	PI-P_42:2_[M-H]1-
930.6724	PC_44:3_[M+Cl]1-
930.7169	PC_42:1_[M+OAC]1-
931.5342	PI_42:9_[M-H]1-
931.6281	PI_41:2_[M-H]1-
931.6645	PI-O_42:2_[M-H]1-
932.6881	PC_44:2_[M+Cl]1-
932.7325	PC_42:0_[M+OAC]1-
933.5499	PI_42:8_[M-H]1-
933.6438	PI_41:1_[M-H]1-
933.6801	PI-O_42:1_[M-H]1-
934.6543	PC_43:6_[M+OAC]1-
934.7037	PC_44:1_[M+Cl]1-
935.5655	PI_42:7_[M-H]1-
935.6594	PI_41:0_[M-H]1-
935.6958	PI-O_42:0_[M-H]1-
936.576	PC_44:12_[M+OAC]1-
936.7063	PC-O_44:5_[M+OAC]1-
936.7194	PC_44:0_[M+Cl]1-
937.5812	PI_42:6_[M-H]1-
938.6856	PC_43:4_[M+OAC]1-
938.7219	PC-O_44:4_[M+OAC]1-
939.5968	PI_42:5_[M-H]1-
940.6073	PC_44:10_[M+OAC]1-
940.7376	PC-O_44:3_[M+OAC]1-
941.6125	PI_42:4_[M-H]1-
942.7169	PC_43:2_[M+OAC]1-
943.6281	PI_42:3_[M-H]1-
944.6386	PC_44:8_[M+OAC]1-
944.7325	PC_43:1_[M+OAC]1-
945.6438	PI_42:2_[M-H]1-
946.6543	PC_44:7_[M+OAC]1-
946.7482	PC_43:0_[M+OAC]1-
947.6594	PI_42:1_[M-H]1-
948.6699	PC_44:6_[M+OAC]1-
949.6751	PI_42:0_[M-H]1-
950.6856	PC_44:5_[M+OAC]1-
951.5968	PI_43:6_[M-H]1-
952.7012	PC_44:4_[M+OAC]1-
953.5186	PI_44:12_[M-H]1-
954.7169	PC_44:3_[M+OAC]1-
955.6281	PI_43:4_[M-H]1-
956.7325	PC_44:2_[M+OAC]1-
957.5499	PI_44:10_[M-H]1-
958.7482	PC_44:1_[M+OAC]1-
959.6594	PI_43:2_[M-H]1-
960.7194	PC_46:2_[M+Cl]1-
960.7638	PC_44:0_[M+OAC]1-
961.5812	PI_44:8_[M-H]1-
961.6751	PI_43:1_[M-H]1-
962.735	PC_46:1_[M+Cl]1-
962.7583	PE_52:4_[M-H]1-
963.5968	PI_44:7_[M-H]1-
963.6907	PI_43:0_[M-H]1-
964.7507	PC_46:0_[M+Cl]1-
965.6125	PI_44:6_[M-H]1-
967.6281	PI_44:5_[M-H]1-
969.6438	PI_44:4_[M-H]1-
971.6594	PI_44:3_[M-H]1-
973.6751	PI_44:2_[M-H]1-
975.6907	PI_44:1_[M-H]1-
977.7064	PI_44:0_[M-H]1-
984.7638	PC_46:2_[M+OAC]1-
986.7795	PC_46:1_[M+OAC]1-
988.7507	PC_48:1_[M+Cl]1-
988.7951	PC_46:0_[M+OAC]1-
992.782	PC_48:0_[M+Cl]1-
1012.7951	PC_48:1_[M+OAC]1-
1016.8264	PC_48:0_[M+OAC]1-
1020.8133	PC_50:0_[M+Cl]1-
1040.782	PC_52:4_[M+Cl]1-
1044.8577	PC_50:0_[M+OAC]1-
1048.8446	PC_52:0_[M+Cl]1-
1064.8264	PC_52:4_[M+OAC]1-
1072.889	PC_52:0_[M+OAC]1-
